"URL","Language","Page type","GSC status","HTTP status","Final redirected URL","Meta robots","X-Robots-Tag","Canonical URL","Hreflang status","Sitemap inclusion","Internal links","Content condition","Recommended action","Action completed","Verification result"
"https://emitronix.ae/ar/blog/choose-best-building-contractor-dubai","Arabic","Arabic blog article","Discovered - currently not indexed","200","","index, follow","","https://emitronix.ae/ar/blog/choose-best-building-contractor-dubai","Required tags present; self-reference present","Yes","1","Substantial, canonical HTML; 334 words; html lang=en-AE; dir=ltr","Keep indexable, retain the self-canonical URL in the sitemap, and strengthen contextual internal links from relevant hubs.","Retained as indexable Arabic content and added contextual links from related Arabic articles and relevant service or approval pages.","Live audit 2026-08-11: final HTTP 200; Googlebot HTTP 200"
"https://emitronix.ae/ar/blog/complete-guide-civil-construction-dubai-2026","Arabic","Arabic blog article","Discovered - currently not indexed","200","","index, follow","","https://emitronix.ae/ar/blog/complete-guide-civil-construction-dubai-2026","Required tags present; self-reference present","Yes","1","Substantial, canonical HTML; 338 words; html lang=en-AE; dir=ltr","Keep indexable, retain the self-canonical URL in the sitemap, and strengthen contextual internal links from relevant hubs.","Retained as indexable Arabic content and added contextual links from related Arabic articles and relevant service or approval pages.","Live audit 2026-08-11: final HTTP 200; Googlebot HTTP 200"
"https://emitronix.ae/ar/blog/dubai-authority-approvals-dewa-dubai-municipality-dcd-trakhees","Arabic","Arabic blog article","Discovered - currently not indexed","200","","index, follow","","https://emitronix.ae/ar/blog/dubai-authority-approvals-dewa-dubai-municipality-dcd-trakhees","Required tags present; self-reference present","Yes","1","Substantial, canonical HTML; 379 words; html lang=en-AE; dir=ltr","Keep indexable, retain the self-canonical URL in the sitemap, and strengthen contextual internal links from relevant hubs.","Retained as indexable Arabic content and added contextual links from related Arabic articles and relevant service or approval pages.","Live audit 2026-08-11: final HTTP 200; Googlebot HTTP 200"
"https://emitronix.ae/blog/cold-storage-warehouse-construction-approval-checklist","English","English blog article","Discovered - currently not indexed","200","","index, follow","","https://emitronix.ae/blog/cold-storage-warehouse-construction-approval-checklist","Required tags present; self-reference present","Yes","4","Substantial, canonical HTML; 1560 words; html lang=en-AE; dir=ltr","Keep indexable, retain the self-canonical URL in the sitemap, and strengthen contextual internal links from relevant hubs.","Implemented a direct 301 to the topic-matched warehouse resource and removed the generated article from route manifests, internal links and sitemap output.","Live audit 2026-08-11: final HTTP 200; Googlebot HTTP 200. Redirect is verified in the local production build; production deployment and recrawl remain pending."
"https://emitronix.ae/blog/cold-storage-warehouse-construction-contractor-selection","English","English blog article","Discovered - currently not indexed","200","","index, follow","","https://emitronix.ae/blog/cold-storage-warehouse-construction-contractor-selection","Required tags present; self-reference present","Yes","4","Substantial, canonical HTML; 1569 words; html lang=en-AE; dir=ltr","Keep indexable, retain the self-canonical URL in the sitemap, and strengthen contextual internal links from relevant hubs.","Implemented a direct 301 to the topic-matched warehouse resource and removed the generated article from route manifests, internal links and sitemap output.","Live audit 2026-08-11: final HTTP 200; Googlebot HTTP 200. Redirect is verified in the local production build; production deployment and recrawl remain pending."
"https://emitronix.ae/blog/cold-storage-warehouse-construction-cost-factors","English","English blog article","Discovered - currently not indexed","200","","index, follow","","https://emitronix.ae/blog/cold-storage-warehouse-construction-cost-factors","Required tags present; self-reference present","Yes","4","Substantial, canonical HTML; 1573 words; html lang=en-AE; dir=ltr","Keep indexable, retain the self-canonical URL in the sitemap, and strengthen contextual internal links from relevant hubs.","Implemented a direct 301 to the topic-matched warehouse resource and removed the generated article from route manifests, internal links and sitemap output.","Live audit 2026-08-11: final HTTP 200; Googlebot HTTP 200. Redirect is verified in the local production build; production deployment and recrawl remain pending."
"https://emitronix.ae/blog/cold-storage-warehouse-construction-planning-guide","English","English blog article","Discovered - currently not indexed","200","","index, follow","","https://emitronix.ae/blog/cold-storage-warehouse-construction-planning-guide","Required tags present; self-reference present","Yes","7","Substantial, canonical HTML; 1574 words; html lang=en-AE; dir=ltr","Keep indexable, retain the self-canonical URL in the sitemap, and strengthen contextual internal links from relevant hubs.","Implemented a direct 301 to the topic-matched warehouse resource and removed the generated article from route manifests, internal links and sitemap output.","Live audit 2026-08-11: final HTTP 200; Googlebot HTTP 200. Redirect is verified in the local production build; production deployment and recrawl remain pending."
"https://emitronix.ae/blog/cold-storage-warehouse-construction-timeline-process","English","English blog article","Discovered - currently not indexed","200","","index, follow","","https://emitronix.ae/blog/cold-storage-warehouse-construction-timeline-process","Required tags present; self-reference present","Yes","4","Substantial, canonical HTML; 1578 words; html lang=en-AE; dir=ltr","Keep indexable, retain the self-canonical URL in the sitemap, and strengthen contextual internal links from relevant hubs.","Implemented a direct 301 to the topic-matched warehouse resource and removed the generated article from route manifests, internal links and sitemap output.","Live audit 2026-08-11: final HTTP 200; Googlebot HTTP 200. Redirect is verified in the local production build; production deployment and recrawl remain pending."
"https://emitronix.ae/blog/dubai-authority-approvals-dewa-dubai-municipality-dcd-trakhees","English","English blog article","Discovered - currently not indexed","200","","index, follow","","https://emitronix.ae/blog/dubai-authority-approvals-dewa-dubai-municipality-dcd-trakhees","Required tags present; self-reference present","Yes","7","Substantial, canonical HTML; 1674 words; html lang=en-AE; dir=ltr","Keep indexable, retain the self-canonical URL in the sitemap, and strengthen contextual internal links from relevant hubs.","Reviewed; current indexability, canonical and sitemap treatment retained.","Live audit 2026-08-11: final HTTP 200; Googlebot HTTP 200"
"https://emitronix.ae/blog/factory-construction-uae-approval-checklist","English","English blog article","Discovered - currently not indexed","200","","index, follow","","https://emitronix.ae/blog/factory-construction-uae-approval-checklist","Required tags present; self-reference present","Yes","4","Substantial, canonical HTML; near duplicate of https://emitronix.ae/blog/industrial-building-construction-dubai-approval-checklist (0.84 similarity); 1509 words; html lang=en-AE; dir=ltr","Improve with substantial, page-specific content or consolidate to the strongest matching canonical page and remove this URL from the sitemap.","Implemented a direct 301 to the topic-matched warehouse resource and removed the generated article from route manifests, internal links and sitemap output.","Live audit 2026-08-11: final HTTP 200; Googlebot HTTP 200. Redirect is verified in the local production build; production deployment and recrawl remain pending."
"https://emitronix.ae/blog/factory-construction-uae-contractor-selection","English","English blog article","Discovered - currently not indexed","200","","index, follow","","https://emitronix.ae/blog/factory-construction-uae-contractor-selection","Required tags present; self-reference present","Yes","4","Substantial, canonical HTML; near duplicate of https://emitronix.ae/blog/industrial-building-construction-dubai-contractor-selection (0.84 similarity); 1519 words; html lang=en-AE; dir=ltr","Improve with substantial, page-specific content or consolidate to the strongest matching canonical page and remove this URL from the sitemap.","Implemented a direct 301 to the topic-matched warehouse resource and removed the generated article from route manifests, internal links and sitemap output.","Live audit 2026-08-11: final HTTP 200; Googlebot HTTP 200. Redirect is verified in the local production build; production deployment and recrawl remain pending."
"https://emitronix.ae/blog/factory-construction-uae-cost-factors","English","English blog article","Discovered - currently not indexed","200","","index, follow","","https://emitronix.ae/blog/factory-construction-uae-cost-factors","Required tags present; self-reference present","Yes","4","Substantial, canonical HTML; near duplicate of https://emitronix.ae/blog/industrial-building-construction-dubai-cost-factors (0.83 similarity); 1521 words; html lang=en-AE; dir=ltr","Improve with substantial, page-specific content or consolidate to the strongest matching canonical page and remove this URL from the sitemap.","Implemented a direct 301 to the topic-matched warehouse resource and removed the generated article from route manifests, internal links and sitemap output.","Live audit 2026-08-11: final HTTP 200; Googlebot HTTP 200. Redirect is verified in the local production build; production deployment and recrawl remain pending."
"https://emitronix.ae/blog/factory-construction-uae-planning-guide","English","English blog article","Discovered - currently not indexed","200","","index, follow","","https://emitronix.ae/blog/factory-construction-uae-planning-guide","Required tags present; self-reference present","Yes","7","Substantial, canonical HTML; near duplicate of https://emitronix.ae/blog/industrial-building-construction-dubai-planning-guide (0.84 similarity); 1523 words; html lang=en-AE; dir=ltr","Improve with substantial, page-specific content or consolidate to the strongest matching canonical page and remove this URL from the sitemap.","Implemented a direct 301 to the topic-matched warehouse resource and removed the generated article from route manifests, internal links and sitemap output.","Live audit 2026-08-11: final HTTP 200; Googlebot HTTP 200. Redirect is verified in the local production build; production deployment and recrawl remain pending."
"https://emitronix.ae/blog/factory-construction-uae-timeline-process","English","English blog article","Discovered - currently not indexed","200","","index, follow","","https://emitronix.ae/blog/factory-construction-uae-timeline-process","Required tags present; self-reference present","Yes","4","Substantial, canonical HTML; near duplicate of https://emitronix.ae/blog/industrial-building-construction-dubai-timeline-process (0.83 similarity); 1526 words; html lang=en-AE; dir=ltr","Improve with substantial, page-specific content or consolidate to the strongest matching canonical page and remove this URL from the sitemap.","Implemented a direct 301 to the topic-matched warehouse resource and removed the generated article from route manifests, internal links and sitemap output.","Live audit 2026-08-11: final HTTP 200; Googlebot HTTP 200. Redirect is verified in the local production build; production deployment and recrawl remain pending."
"https://emitronix.ae/blog/industrial-building-construction-dubai-approval-checklist","English","English blog article","Discovered - currently not indexed","200","","index, follow","","https://emitronix.ae/blog/industrial-building-construction-dubai-approval-checklist","Required tags present; self-reference present","Yes","4","Substantial, canonical HTML; near duplicate of https://emitronix.ae/blog/factory-construction-uae-approval-checklist (0.84 similarity); 1527 words; html lang=en-AE; dir=ltr","Improve with substantial, page-specific content or consolidate to the strongest matching canonical page and remove this URL from the sitemap.","Implemented a direct 301 to the topic-matched warehouse resource and removed the generated article from route manifests, internal links and sitemap output.","Live audit 2026-08-11: final HTTP 200; Googlebot HTTP 200. Redirect is verified in the local production build; production deployment and recrawl remain pending."
"https://emitronix.ae/blog/industrial-building-construction-dubai-contractor-selection","English","English blog article","Discovered - currently not indexed","200","","index, follow","","https://emitronix.ae/blog/industrial-building-construction-dubai-contractor-selection","Required tags present; self-reference present","Yes","4","Substantial, canonical HTML; near duplicate of https://emitronix.ae/blog/factory-construction-uae-contractor-selection (0.84 similarity); 1537 words; html lang=en-AE; dir=ltr","Improve with substantial, page-specific content or consolidate to the strongest matching canonical page and remove this URL from the sitemap.","Implemented a direct 301 to the topic-matched warehouse resource and removed the generated article from route manifests, internal links and sitemap output.","Live audit 2026-08-11: final HTTP 200; Googlebot HTTP 200. Redirect is verified in the local production build; production deployment and recrawl remain pending."
"https://emitronix.ae/blog/industrial-building-construction-dubai-cost-factors","English","English blog article","Discovered - currently not indexed","200","","index, follow","","https://emitronix.ae/blog/industrial-building-construction-dubai-cost-factors","Required tags present; self-reference present","Yes","4","Substantial, canonical HTML; near duplicate of https://emitronix.ae/blog/factory-construction-uae-cost-factors (0.83 similarity); 1540 words; html lang=en-AE; dir=ltr","Improve with substantial, page-specific content or consolidate to the strongest matching canonical page and remove this URL from the sitemap.","Implemented a direct 301 to the topic-matched warehouse resource and removed the generated article from route manifests, internal links and sitemap output.","Live audit 2026-08-11: final HTTP 200; Googlebot HTTP 200. Redirect is verified in the local production build; production deployment and recrawl remain pending."
"https://emitronix.ae/blog/industrial-building-construction-dubai-planning-guide","English","English blog article","Discovered - currently not indexed","200","","index, follow","","https://emitronix.ae/blog/industrial-building-construction-dubai-planning-guide","Required tags present; self-reference present","Yes","7","Substantial, canonical HTML; near duplicate of https://emitronix.ae/blog/factory-construction-uae-planning-guide (0.84 similarity); 1539 words; html lang=en-AE; dir=ltr","Improve with substantial, page-specific content or consolidate to the strongest matching canonical page and remove this URL from the sitemap.","Implemented a direct 301 to the topic-matched warehouse resource and removed the generated article from route manifests, internal links and sitemap output.","Live audit 2026-08-11: final HTTP 200; Googlebot HTTP 200. Redirect is verified in the local production build; production deployment and recrawl remain pending."
"https://emitronix.ae/blog/industrial-building-construction-dubai-timeline-process","English","English blog article","Discovered - currently not indexed","200","","index, follow","","https://emitronix.ae/blog/industrial-building-construction-dubai-timeline-process","Required tags present; self-reference present","Yes","4","Substantial, canonical HTML; near duplicate of https://emitronix.ae/blog/factory-construction-uae-timeline-process (0.83 similarity); 1545 words; html lang=en-AE; dir=ltr","Improve with substantial, page-specific content or consolidate to the strongest matching canonical page and remove this URL from the sitemap.","Implemented a direct 301 to the topic-matched warehouse resource and removed the generated article from route manifests, internal links and sitemap output.","Live audit 2026-08-11: final HTTP 200; Googlebot HTTP 200. Redirect is verified in the local production build; production deployment and recrawl remain pending."
"https://emitronix.ae/blog/industrial-warehouse-construction-uae-approval-checklist","English","English blog article","Discovered - currently not indexed","200","","index, follow","","https://emitronix.ae/blog/industrial-warehouse-construction-uae-approval-checklist","Required tags present; self-reference present","Yes","4","Substantial, canonical HTML; near duplicate of https://emitronix.ae/blog/warehouse-construction-dubai-approval-checklist (0.84 similarity); 1543 words; html lang=en-AE; dir=ltr","Improve with substantial, page-specific content or consolidate to the strongest matching canonical page and remove this URL from the sitemap.","Implemented a direct 301 to the topic-matched warehouse resource and removed the generated article from route manifests, internal links and sitemap output.","Live audit 2026-08-11: final HTTP 200; Googlebot HTTP 200. Redirect is verified in the local production build; production deployment and recrawl remain pending."
"https://emitronix.ae/blog/industrial-warehouse-construction-uae-contractor-selection","English","English blog article","Discovered - currently not indexed","200","","index, follow","","https://emitronix.ae/blog/industrial-warehouse-construction-uae-contractor-selection","Required tags present; self-reference present","Yes","4","Substantial, canonical HTML; near duplicate of https://emitronix.ae/blog/warehouse-contractors-dubai-contractor-selection (0.84 similarity); 1553 words; html lang=en-AE; dir=ltr","Improve with substantial, page-specific content or consolidate to the strongest matching canonical page and remove this URL from the sitemap.","Implemented a direct 301 to the topic-matched warehouse resource and removed the generated article from route manifests, internal links and sitemap output.","Live audit 2026-08-11: final HTTP 200; Googlebot HTTP 200. Redirect is verified in the local production build; production deployment and recrawl remain pending."
"https://emitronix.ae/blog/industrial-warehouse-construction-uae-cost-factors","English","English blog article","Discovered - currently not indexed","200","","index, follow","","https://emitronix.ae/blog/industrial-warehouse-construction-uae-cost-factors","Required tags present; self-reference present","Yes","4","Substantial, canonical HTML; near duplicate of https://emitronix.ae/blog/warehouse-construction-dubai-cost-factors (0.83 similarity); 1556 words; html lang=en-AE; dir=ltr","Improve with substantial, page-specific content or consolidate to the strongest matching canonical page and remove this URL from the sitemap.","Implemented a direct 301 to the topic-matched warehouse resource and removed the generated article from route manifests, internal links and sitemap output.","Live audit 2026-08-11: final HTTP 200; Googlebot HTTP 200. Redirect is verified in the local production build; production deployment and recrawl remain pending."
"https://emitronix.ae/blog/industrial-warehouse-construction-uae-planning-guide","English","English blog article","Discovered - currently not indexed","200","","index, follow","","https://emitronix.ae/blog/industrial-warehouse-construction-uae-planning-guide","Required tags present; self-reference present","Yes","7","Substantial, canonical HTML; near duplicate of https://emitronix.ae/blog/warehouse-construction-dubai-planning-guide (0.84 similarity); 1555 words; html lang=en-AE; dir=ltr","Improve with substantial, page-specific content or consolidate to the strongest matching canonical page and remove this URL from the sitemap.","Implemented a direct 301 to the topic-matched warehouse resource and removed the generated article from route manifests, internal links and sitemap output.","Live audit 2026-08-11: final HTTP 200; Googlebot HTTP 200. Redirect is verified in the local production build; production deployment and recrawl remain pending."
"https://emitronix.ae/blog/industrial-warehouse-construction-uae-timeline-process","English","English blog article","Discovered - currently not indexed","200","","index, follow","","https://emitronix.ae/blog/industrial-warehouse-construction-uae-timeline-process","Required tags present; self-reference present","Yes","4","Substantial, canonical HTML; near duplicate of https://emitronix.ae/blog/warehouse-construction-dubai-timeline-process (0.83 similarity); 1561 words; html lang=en-AE; dir=ltr","Improve with substantial, page-specific content or consolidate to the strongest matching canonical page and remove this URL from the sitemap.","Implemented a direct 301 to the topic-matched warehouse resource and removed the generated article from route manifests, internal links and sitemap output.","Live audit 2026-08-11: final HTTP 200; Googlebot HTTP 200. Redirect is verified in the local production build; production deployment and recrawl remain pending."
"https://emitronix.ae/blog/logistics-warehouse-construction-approval-checklist","English","English blog article","Discovered - currently not indexed","200","","index, follow","","https://emitronix.ae/blog/logistics-warehouse-construction-approval-checklist","Required tags present; self-reference present","Yes","4","Substantial, canonical HTML; 1516 words; html lang=en-AE; dir=ltr","Keep indexable, retain the self-canonical URL in the sitemap, and strengthen contextual internal links from relevant hubs.","Implemented a direct 301 to the topic-matched warehouse resource and removed the generated article from route manifests, internal links and sitemap output.","Live audit 2026-08-11: final HTTP 200; Googlebot HTTP 200. Redirect is verified in the local production build; production deployment and recrawl remain pending."
"https://emitronix.ae/blog/logistics-warehouse-construction-contractor-selection","English","English blog article","Discovered - currently not indexed","200","","index, follow","","https://emitronix.ae/blog/logistics-warehouse-construction-contractor-selection","Required tags present; self-reference present","Yes","4","Substantial, canonical HTML; 1526 words; html lang=en-AE; dir=ltr","Keep indexable, retain the self-canonical URL in the sitemap, and strengthen contextual internal links from relevant hubs.","Implemented a direct 301 to the topic-matched warehouse resource and removed the generated article from route manifests, internal links and sitemap output.","Live audit 2026-08-11: final HTTP 200; Googlebot HTTP 200. Redirect is verified in the local production build; production deployment and recrawl remain pending."
"https://emitronix.ae/blog/logistics-warehouse-construction-cost-factors","English","English blog article","Discovered - currently not indexed","200","","index, follow","","https://emitronix.ae/blog/logistics-warehouse-construction-cost-factors","Required tags present; self-reference present","Yes","4","Substantial, canonical HTML; 1528 words; html lang=en-AE; dir=ltr","Keep indexable, retain the self-canonical URL in the sitemap, and strengthen contextual internal links from relevant hubs.","Implemented a direct 301 to the topic-matched warehouse resource and removed the generated article from route manifests, internal links and sitemap output.","Live audit 2026-08-11: final HTTP 200; Googlebot HTTP 200. Redirect is verified in the local production build; production deployment and recrawl remain pending."
"https://emitronix.ae/blog/logistics-warehouse-construction-planning-guide","English","English blog article","Discovered - currently not indexed","200","","index, follow","","https://emitronix.ae/blog/logistics-warehouse-construction-planning-guide","Required tags present; self-reference present","Yes","7","Substantial, canonical HTML; 1530 words; html lang=en-AE; dir=ltr","Keep indexable, retain the self-canonical URL in the sitemap, and strengthen contextual internal links from relevant hubs.","Implemented a direct 301 to the topic-matched warehouse resource and removed the generated article from route manifests, internal links and sitemap output.","Live audit 2026-08-11: final HTTP 200; Googlebot HTTP 200. Redirect is verified in the local production build; production deployment and recrawl remain pending."
"https://emitronix.ae/blog/logistics-warehouse-construction-timeline-process","English","English blog article","Discovered - currently not indexed","200","","index, follow","","https://emitronix.ae/blog/logistics-warehouse-construction-timeline-process","Required tags present; self-reference present","Yes","4","Substantial, canonical HTML; 1533 words; html lang=en-AE; dir=ltr","Keep indexable, retain the self-canonical URL in the sitemap, and strengthen contextual internal links from relevant hubs.","Implemented a direct 301 to the topic-matched warehouse resource and removed the generated article from route manifests, internal links and sitemap output.","Live audit 2026-08-11: final HTTP 200; Googlebot HTTP 200. Redirect is verified in the local production build; production deployment and recrawl remain pending."
"https://emitronix.ae/blog/steel-warehouse-construction-dubai-approval-checklist","English","English blog article","Discovered - currently not indexed","200","","index, follow","","https://emitronix.ae/blog/steel-warehouse-construction-dubai-approval-checklist","Required tags present; self-reference present","Yes","4","Substantial, canonical HTML; 1526 words; html lang=en-AE; dir=ltr","Keep indexable, retain the self-canonical URL in the sitemap, and strengthen contextual internal links from relevant hubs.","Implemented a direct 301 to the topic-matched warehouse resource and removed the generated article from route manifests, internal links and sitemap output.","Live audit 2026-08-11: final HTTP 200; Googlebot HTTP 200. Redirect is verified in the local production build; production deployment and recrawl remain pending."
"https://emitronix.ae/blog/steel-warehouse-construction-dubai-contractor-selection","English","English blog article","Discovered - currently not indexed","200","","index, follow","","https://emitronix.ae/blog/steel-warehouse-construction-dubai-contractor-selection","Required tags present; self-reference present","Yes","4","Substantial, canonical HTML; 1537 words; html lang=en-AE; dir=ltr","Keep indexable, retain the self-canonical URL in the sitemap, and strengthen contextual internal links from relevant hubs.","Implemented a direct 301 to the topic-matched warehouse resource and removed the generated article from route manifests, internal links and sitemap output.","Live audit 2026-08-11: final HTTP 200; Googlebot HTTP 200. Redirect is verified in the local production build; production deployment and recrawl remain pending."
"https://emitronix.ae/blog/steel-warehouse-construction-dubai-cost-factors","English","English blog article","Discovered - currently not indexed","200","","index, follow","","https://emitronix.ae/blog/steel-warehouse-construction-dubai-cost-factors","Required tags present; self-reference present","Yes","4","Substantial, canonical HTML; 1539 words; html lang=en-AE; dir=ltr","Keep indexable, retain the self-canonical URL in the sitemap, and strengthen contextual internal links from relevant hubs.","Implemented a direct 301 to the topic-matched warehouse resource and removed the generated article from route manifests, internal links and sitemap output.","Live audit 2026-08-11: final HTTP 200; Googlebot HTTP 200. Redirect is verified in the local production build; production deployment and recrawl remain pending."
"https://emitronix.ae/blog/steel-warehouse-construction-dubai-timeline-process","English","English blog article","Discovered - currently not indexed","200","","index, follow","","https://emitronix.ae/blog/steel-warehouse-construction-dubai-timeline-process","Required tags present; self-reference present","Yes","4","Substantial, canonical HTML; 1544 words; html lang=en-AE; dir=ltr","Keep indexable, retain the self-canonical URL in the sitemap, and strengthen contextual internal links from relevant hubs.","Implemented a direct 301 to the topic-matched warehouse resource and removed the generated article from route manifests, internal links and sitemap output.","Live audit 2026-08-11: final HTTP 200; Googlebot HTTP 200. Redirect is verified in the local production build; production deployment and recrawl remain pending."
"https://emitronix.ae/blog/warehouse-authority-approvals-dubai-approval-checklist","English","English blog article","Discovered - currently not indexed","200","","index, follow","","https://emitronix.ae/blog/warehouse-authority-approvals-dubai-approval-checklist","Required tags present; self-reference present","Yes","4","Substantial, canonical HTML; near duplicate of https://emitronix.ae/blog/warehouse-dubai-municipality-approvals-approval-checklist (0.85 similarity); 1546 words; html lang=en-AE; dir=ltr","Improve with substantial, page-specific content or consolidate to the strongest matching canonical page and remove this URL from the sitemap.","Implemented a direct 301 to the topic-matched warehouse resource and removed the generated article from route manifests, internal links and sitemap output.","Live audit 2026-08-11: final HTTP 200; Googlebot HTTP 200. Redirect is verified in the local production build; production deployment and recrawl remain pending."
"https://emitronix.ae/blog/warehouse-authority-approvals-dubai-contractor-selection","English","English blog article","Discovered - currently not indexed","200","","index, follow","","https://emitronix.ae/blog/warehouse-authority-approvals-dubai-contractor-selection","Required tags present; self-reference present","Yes","4","Substantial, canonical HTML; near duplicate of https://emitronix.ae/blog/warehouse-dubai-municipality-approvals-contractor-selection (0.84 similarity); 1557 words; html lang=en-AE; dir=ltr","Improve with substantial, page-specific content or consolidate to the strongest matching canonical page and remove this URL from the sitemap.","Implemented a direct 301 to the topic-matched warehouse resource and removed the generated article from route manifests, internal links and sitemap output.","Live audit 2026-08-11: final HTTP 200; Googlebot HTTP 200. Redirect is verified in the local production build; production deployment and recrawl remain pending."
"https://emitronix.ae/blog/warehouse-authority-approvals-dubai-cost-factors","English","English blog article","Discovered - currently not indexed","200","","index, follow","","https://emitronix.ae/blog/warehouse-authority-approvals-dubai-cost-factors","Required tags present; self-reference present","Yes","4","Substantial, canonical HTML; near duplicate of https://emitronix.ae/blog/warehouse-dubai-municipality-approvals-cost-factors (0.85 similarity); 1560 words; html lang=en-AE; dir=ltr","Improve with substantial, page-specific content or consolidate to the strongest matching canonical page and remove this URL from the sitemap.","Implemented a direct 301 to the topic-matched warehouse resource and removed the generated article from route manifests, internal links and sitemap output.","Live audit 2026-08-11: final HTTP 200; Googlebot HTTP 200. Redirect is verified in the local production build; production deployment and recrawl remain pending."
"https://emitronix.ae/blog/warehouse-authority-approvals-dubai-timeline-process","English","English blog article","Discovered - currently not indexed","200","","index, follow","","https://emitronix.ae/blog/warehouse-authority-approvals-dubai-timeline-process","Required tags present; self-reference present","Yes","4","Substantial, canonical HTML; near duplicate of https://emitronix.ae/blog/warehouse-dubai-municipality-approvals-timeline-process (0.85 similarity); 1566 words; html lang=en-AE; dir=ltr","Improve with substantial, page-specific content or consolidate to the strongest matching canonical page and remove this URL from the sitemap.","Implemented a direct 301 to the topic-matched warehouse resource and removed the generated article from route manifests, internal links and sitemap output.","Live audit 2026-08-11: final HTTP 200; Googlebot HTTP 200. Redirect is verified in the local production build; production deployment and recrawl remain pending."
"https://emitronix.ae/blog/warehouse-construction-dubai-approval-checklist","English","English blog article","Discovered - currently not indexed","200","","index, follow","","https://emitronix.ae/blog/warehouse-construction-dubai-approval-checklist","Required tags present; self-reference present","Yes","5","Substantial, canonical HTML; near duplicate of https://emitronix.ae/blog/warehouse-cost-planning-dubai-approval-checklist (0.89 similarity); 1528 words; html lang=en-AE; dir=ltr","Improve with substantial, page-specific content or consolidate to the strongest matching canonical page and remove this URL from the sitemap.","Implemented a direct 301 to the topic-matched warehouse resource and removed the generated article from route manifests, internal links and sitemap output.","Live audit 2026-08-11: final HTTP 200; Googlebot HTTP 200. Redirect is verified in the local production build; production deployment and recrawl remain pending."
"https://emitronix.ae/blog/warehouse-construction-dubai-contractor-selection","English","English blog article","Discovered - currently not indexed","200","","index, follow","","https://emitronix.ae/blog/warehouse-construction-dubai-contractor-selection","Required tags present; self-reference present","Yes","4","Substantial, canonical HTML; near duplicate of https://emitronix.ae/blog/warehouse-project-management-dubai-contractor-selection (0.88 similarity); 1537 words; html lang=en-AE; dir=ltr","Improve with substantial, page-specific content or consolidate to the strongest matching canonical page and remove this URL from the sitemap.","Implemented a direct 301 to the topic-matched warehouse resource and removed the generated article from route manifests, internal links and sitemap output.","Live audit 2026-08-11: final HTTP 200; Googlebot HTTP 200. Redirect is verified in the local production build; production deployment and recrawl remain pending."
"https://emitronix.ae/blog/warehouse-construction-dubai-cost-factors","English","English blog article","Discovered - currently not indexed","200","","index, follow","","https://emitronix.ae/blog/warehouse-construction-dubai-cost-factors","Required tags present; self-reference present","Yes","4","Substantial, canonical HTML; near duplicate of https://emitronix.ae/blog/warehouse-cost-planning-dubai-cost-factors (0.88 similarity); 1540 words; html lang=en-AE; dir=ltr","Improve with substantial, page-specific content or consolidate to the strongest matching canonical page and remove this URL from the sitemap.","Implemented a direct 301 to the topic-matched warehouse resource and removed the generated article from route manifests, internal links and sitemap output.","Live audit 2026-08-11: final HTTP 200; Googlebot HTTP 200. Redirect is verified in the local production build; production deployment and recrawl remain pending."
"https://emitronix.ae/blog/warehouse-construction-dubai-planning-guide","English","English blog article","Discovered - currently not indexed","200","","index, follow","","https://emitronix.ae/blog/warehouse-construction-dubai-planning-guide","Required tags present; self-reference present","Yes","8","Substantial, canonical HTML; near duplicate of https://emitronix.ae/blog/warehouse-cost-planning-dubai-planning-guide (0.88 similarity); 1534 words; html lang=en-AE; dir=ltr","Improve with substantial, page-specific content or consolidate to the strongest matching canonical page and remove this URL from the sitemap.","Implemented a direct 301 to the topic-matched warehouse resource and removed the generated article from route manifests, internal links and sitemap output.","Live audit 2026-08-11: final HTTP 200; Googlebot HTTP 200. Redirect is verified in the local production build; production deployment and recrawl remain pending."
"https://emitronix.ae/blog/warehouse-construction-dubai-timeline-process","English","English blog article","Discovered - currently not indexed","200","","index, follow","","https://emitronix.ae/blog/warehouse-construction-dubai-timeline-process","Required tags present; self-reference present","Yes","4","Substantial, canonical HTML; near duplicate of https://emitronix.ae/blog/warehouse-cost-planning-dubai-timeline-process (0.88 similarity); 1545 words; html lang=en-AE; dir=ltr","Improve with substantial, page-specific content or consolidate to the strongest matching canonical page and remove this URL from the sitemap.","Implemented a direct 301 to the topic-matched warehouse resource and removed the generated article from route manifests, internal links and sitemap output.","Live audit 2026-08-11: final HTTP 200; Googlebot HTTP 200. Redirect is verified in the local production build; production deployment and recrawl remain pending."
"https://emitronix.ae/blog/warehouse-contractors-dubai-approval-checklist","English","English blog article","Discovered - currently not indexed","200","","index, follow","","https://emitronix.ae/blog/warehouse-contractors-dubai-approval-checklist","Required tags present; self-reference present","Yes","4","Substantial, canonical HTML; near duplicate of https://emitronix.ae/blog/warehouse-construction-dubai-approval-checklist (0.88 similarity); 1528 words; html lang=en-AE; dir=ltr","Improve with substantial, page-specific content or consolidate to the strongest matching canonical page and remove this URL from the sitemap.","Implemented a direct 301 to the topic-matched warehouse resource and removed the generated article from route manifests, internal links and sitemap output.","Live audit 2026-08-11: final HTTP 200; Googlebot HTTP 200. Redirect is verified in the local production build; production deployment and recrawl remain pending."
"https://emitronix.ae/blog/warehouse-contractors-dubai-contractor-selection","English","English blog article","Discovered - currently not indexed","200","","index, follow","","https://emitronix.ae/blog/warehouse-contractors-dubai-contractor-selection","Required tags present; self-reference present","Yes","4","Substantial, canonical HTML; near duplicate of https://emitronix.ae/blog/warehouse-construction-dubai-contractor-selection (0.88 similarity); 1538 words; html lang=en-AE; dir=ltr","Improve with substantial, page-specific content or consolidate to the strongest matching canonical page and remove this URL from the sitemap.","Implemented a direct 301 to the topic-matched warehouse resource and removed the generated article from route manifests, internal links and sitemap output.","Live audit 2026-08-11: final HTTP 200; Googlebot HTTP 200. Redirect is verified in the local production build; production deployment and recrawl remain pending."
"https://emitronix.ae/blog/warehouse-contractors-dubai-cost-factors","English","English blog article","Discovered - currently not indexed","200","","index, follow","","https://emitronix.ae/blog/warehouse-contractors-dubai-cost-factors","Required tags present; self-reference present","Yes","4","Substantial, canonical HTML; near duplicate of https://emitronix.ae/blog/warehouse-construction-dubai-cost-factors (0.88 similarity); 1540 words; html lang=en-AE; dir=ltr","Improve with substantial, page-specific content or consolidate to the strongest matching canonical page and remove this URL from the sitemap.","Implemented a direct 301 to the topic-matched warehouse resource and removed the generated article from route manifests, internal links and sitemap output.","Live audit 2026-08-11: final HTTP 200; Googlebot HTTP 200. Redirect is verified in the local production build; production deployment and recrawl remain pending."
"https://emitronix.ae/blog/warehouse-contractors-dubai-timeline-process","English","English blog article","Discovered - currently not indexed","200","","index, follow","","https://emitronix.ae/blog/warehouse-contractors-dubai-timeline-process","Required tags present; self-reference present","Yes","4","Substantial, canonical HTML; near duplicate of https://emitronix.ae/blog/warehouse-construction-dubai-timeline-process (0.88 similarity); 1545 words; html lang=en-AE; dir=ltr","Improve with substantial, page-specific content or consolidate to the strongest matching canonical page and remove this URL from the sitemap.","Implemented a direct 301 to the topic-matched warehouse resource and removed the generated article from route manifests, internal links and sitemap output.","Live audit 2026-08-11: final HTTP 200; Googlebot HTTP 200. Redirect is verified in the local production build; production deployment and recrawl remain pending."
"https://emitronix.ae/blog/warehouse-cost-planning-dubai-approval-checklist","English","English blog article","Discovered - currently not indexed","200","","index, follow","","https://emitronix.ae/blog/warehouse-cost-planning-dubai-approval-checklist","Required tags present; self-reference present","Yes","4","Substantial, canonical HTML; near duplicate of https://emitronix.ae/blog/warehouse-construction-dubai-approval-checklist (0.89 similarity); 1543 words; html lang=en-AE; dir=ltr","Improve with substantial, page-specific content or consolidate to the strongest matching canonical page and remove this URL from the sitemap.","Implemented a direct 301 to the topic-matched warehouse resource and removed the generated article from route manifests, internal links and sitemap output.","Live audit 2026-08-11: final HTTP 200; Googlebot HTTP 200. Redirect is verified in the local production build; production deployment and recrawl remain pending."
"https://emitronix.ae/blog/warehouse-cost-planning-dubai-contractor-selection","English","English blog article","Discovered - currently not indexed","200","","index, follow","","https://emitronix.ae/blog/warehouse-cost-planning-dubai-contractor-selection","Required tags present; self-reference present","Yes","4","Substantial, canonical HTML; near duplicate of https://emitronix.ae/blog/warehouse-project-management-dubai-contractor-selection (0.88 similarity); 1553 words; html lang=en-AE; dir=ltr","Improve with substantial, page-specific content or consolidate to the strongest matching canonical page and remove this URL from the sitemap.","Implemented a direct 301 to the topic-matched warehouse resource and removed the generated article from route manifests, internal links and sitemap output.","Live audit 2026-08-11: final HTTP 200; Googlebot HTTP 200. Redirect is verified in the local production build; production deployment and recrawl remain pending."
"https://emitronix.ae/blog/warehouse-cost-planning-dubai-cost-factors","English","English blog article","Discovered - currently not indexed","200","","index, follow","","https://emitronix.ae/blog/warehouse-cost-planning-dubai-cost-factors","Required tags present; self-reference present","Yes","4","Substantial, canonical HTML; near duplicate of https://emitronix.ae/blog/warehouse-construction-dubai-cost-factors (0.88 similarity); 1556 words; html lang=en-AE; dir=ltr","Improve with substantial, page-specific content or consolidate to the strongest matching canonical page and remove this URL from the sitemap.","Implemented a direct 301 to the topic-matched warehouse resource and removed the generated article from route manifests, internal links and sitemap output.","Live audit 2026-08-11: final HTTP 200; Googlebot HTTP 200. Redirect is verified in the local production build; production deployment and recrawl remain pending."
"https://emitronix.ae/blog/warehouse-cost-planning-dubai-planning-guide","English","English blog article","Discovered - currently not indexed","200","","index, follow","","https://emitronix.ae/blog/warehouse-cost-planning-dubai-planning-guide","Required tags present; self-reference present","Yes","7","Substantial, canonical HTML; near duplicate of https://emitronix.ae/blog/warehouse-construction-dubai-planning-guide (0.88 similarity); 1556 words; html lang=en-AE; dir=ltr","Improve with substantial, page-specific content or consolidate to the strongest matching canonical page and remove this URL from the sitemap.","Implemented a direct 301 to the topic-matched warehouse resource and removed the generated article from route manifests, internal links and sitemap output.","Live audit 2026-08-11: final HTTP 200; Googlebot HTTP 200. Redirect is verified in the local production build; production deployment and recrawl remain pending."
"https://emitronix.ae/blog/warehouse-cost-planning-dubai-timeline-process","English","English blog article","Discovered - currently not indexed","200","","index, follow","","https://emitronix.ae/blog/warehouse-cost-planning-dubai-timeline-process","Required tags present; self-reference present","Yes","4","Substantial, canonical HTML; near duplicate of https://emitronix.ae/blog/warehouse-construction-dubai-timeline-process (0.88 similarity); 1561 words; html lang=en-AE; dir=ltr","Improve with substantial, page-specific content or consolidate to the strongest matching canonical page and remove this URL from the sitemap.","Implemented a direct 301 to the topic-matched warehouse resource and removed the generated article from route manifests, internal links and sitemap output.","Live audit 2026-08-11: final HTTP 200; Googlebot HTTP 200. Redirect is verified in the local production build; production deployment and recrawl remain pending."
"https://emitronix.ae/blog/warehouse-dcd-approvals-approval-checklist","English","English blog article","Discovered - currently not indexed","200","","index, follow","","https://emitronix.ae/blog/warehouse-dcd-approvals-approval-checklist","Required tags present; self-reference present","Yes","4","Substantial, canonical HTML; near duplicate of https://emitronix.ae/blog/warehouse-fire-fighting-dubai-approval-checklist (0.85 similarity); 1494 words; html lang=en-AE; dir=ltr","Improve with substantial, page-specific content or consolidate to the strongest matching canonical page and remove this URL from the sitemap.","Implemented a direct 301 to the topic-matched warehouse resource and removed the generated article from route manifests, internal links and sitemap output.","Live audit 2026-08-11: final HTTP 200; Googlebot HTTP 200. Redirect is verified in the local production build; production deployment and recrawl remain pending."
"https://emitronix.ae/blog/warehouse-dcd-approvals-contractor-selection","English","English blog article","Discovered - currently not indexed","200","","index, follow","","https://emitronix.ae/blog/warehouse-dcd-approvals-contractor-selection","Required tags present; self-reference present","Yes","4","Substantial, canonical HTML; near duplicate of https://emitronix.ae/blog/warehouse-fire-fighting-dubai-contractor-selection (0.83 similarity); 1506 words; html lang=en-AE; dir=ltr","Improve with substantial, page-specific content or consolidate to the strongest matching canonical page and remove this URL from the sitemap.","Implemented a direct 301 to the topic-matched warehouse resource and removed the generated article from route manifests, internal links and sitemap output.","Live audit 2026-08-11: final HTTP 200; Googlebot HTTP 200. Redirect is verified in the local production build; production deployment and recrawl remain pending."
"https://emitronix.ae/blog/warehouse-dcd-approvals-cost-factors","English","English blog article","Discovered - currently not indexed","200","","index, follow","","https://emitronix.ae/blog/warehouse-dcd-approvals-cost-factors","Required tags present; self-reference present","Yes","4","Substantial, canonical HTML; near duplicate of https://emitronix.ae/blog/warehouse-fire-fighting-dubai-cost-factors (0.84 similarity); 1507 words; html lang=en-AE; dir=ltr","Improve with substantial, page-specific content or consolidate to the strongest matching canonical page and remove this URL from the sitemap.","Implemented a direct 301 to the topic-matched warehouse resource and removed the generated article from route manifests, internal links and sitemap output.","Live audit 2026-08-11: final HTTP 200; Googlebot HTTP 200. Redirect is verified in the local production build; production deployment and recrawl remain pending."
"https://emitronix.ae/blog/warehouse-dcd-approvals-planning-guide","English","English blog article","Discovered - currently not indexed","200","","index, follow","","https://emitronix.ae/blog/warehouse-dcd-approvals-planning-guide","Required tags present; self-reference present","Yes","7","Substantial, canonical HTML; near duplicate of https://emitronix.ae/blog/warehouse-fire-fighting-dubai-planning-guide (0.84 similarity); 1507 words; html lang=en-AE; dir=ltr","Improve with substantial, page-specific content or consolidate to the strongest matching canonical page and remove this URL from the sitemap.","Implemented a direct 301 to the topic-matched warehouse resource and removed the generated article from route manifests, internal links and sitemap output.","Live audit 2026-08-11: final HTTP 200; Googlebot HTTP 200. Redirect is verified in the local production build; production deployment and recrawl remain pending."
"https://emitronix.ae/blog/warehouse-dcd-approvals-timeline-process","English","English blog article","Discovered - currently not indexed","200","","index, follow","","https://emitronix.ae/blog/warehouse-dcd-approvals-timeline-process","Required tags present; self-reference present","Yes","4","Substantial, canonical HTML; near duplicate of https://emitronix.ae/blog/warehouse-fire-fighting-dubai-timeline-process (0.84 similarity); 1513 words; html lang=en-AE; dir=ltr","Improve with substantial, page-specific content or consolidate to the strongest matching canonical page and remove this URL from the sitemap.","Implemented a direct 301 to the topic-matched warehouse resource and removed the generated article from route manifests, internal links and sitemap output.","Live audit 2026-08-11: final HTTP 200; Googlebot HTTP 200. Redirect is verified in the local production build; production deployment and recrawl remain pending."
"https://emitronix.ae/blog/warehouse-design-and-build-dubai-approval-checklist","English","English blog article","Discovered - currently not indexed","200","","index, follow","","https://emitronix.ae/blog/warehouse-design-and-build-dubai-approval-checklist","Required tags present; self-reference present","Yes","4","Substantial, canonical HTML; near duplicate of https://emitronix.ae/blog/warehouse-construction-dubai-approval-checklist (0.89 similarity); 1558 words; html lang=en-AE; dir=ltr","Improve with substantial, page-specific content or consolidate to the strongest matching canonical page and remove this URL from the sitemap.","Implemented a direct 301 to the topic-matched warehouse resource and removed the generated article from route manifests, internal links and sitemap output.","Live audit 2026-08-11: final HTTP 200; Googlebot HTTP 200. Redirect is verified in the local production build; production deployment and recrawl remain pending."
"https://emitronix.ae/blog/warehouse-design-and-build-dubai-contractor-selection","English","English blog article","Discovered - currently not indexed","200","","index, follow","","https://emitronix.ae/blog/warehouse-design-and-build-dubai-contractor-selection","Required tags present; self-reference present","Yes","4","Substantial, canonical HTML; near duplicate of https://emitronix.ae/blog/warehouse-construction-dubai-contractor-selection (0.87 similarity); 1569 words; html lang=en-AE; dir=ltr","Improve with substantial, page-specific content or consolidate to the strongest matching canonical page and remove this URL from the sitemap.","Implemented a direct 301 to the topic-matched warehouse resource and removed the generated article from route manifests, internal links and sitemap output.","Live audit 2026-08-11: final HTTP 200; Googlebot HTTP 200. Redirect is verified in the local production build; production deployment and recrawl remain pending."
"https://emitronix.ae/blog/warehouse-design-and-build-dubai-planning-guide","English","English blog article","Discovered - currently not indexed","200","","index, follow","","https://emitronix.ae/blog/warehouse-design-and-build-dubai-planning-guide","Required tags present; self-reference present","Yes","7","Substantial, canonical HTML; near duplicate of https://emitronix.ae/blog/warehouse-construction-dubai-planning-guide (0.88 similarity); 1570 words; html lang=en-AE; dir=ltr","Improve with substantial, page-specific content or consolidate to the strongest matching canonical page and remove this URL from the sitemap.","Implemented a direct 301 to the topic-matched warehouse resource and removed the generated article from route manifests, internal links and sitemap output.","Live audit 2026-08-11: final HTTP 200; Googlebot HTTP 200. Redirect is verified in the local production build; production deployment and recrawl remain pending."
"https://emitronix.ae/blog/warehouse-design-and-build-dubai-timeline-process","English","English blog article","Discovered - currently not indexed","200","","index, follow","","https://emitronix.ae/blog/warehouse-design-and-build-dubai-timeline-process","Required tags present; self-reference present","Yes","4","Substantial, canonical HTML; near duplicate of https://emitronix.ae/blog/warehouse-construction-dubai-timeline-process (0.88 similarity); 1577 words; html lang=en-AE; dir=ltr","Improve with substantial, page-specific content or consolidate to the strongest matching canonical page and remove this URL from the sitemap.","Implemented a direct 301 to the topic-matched warehouse resource and removed the generated article from route manifests, internal links and sitemap output.","Live audit 2026-08-11: final HTTP 200; Googlebot HTTP 200. Redirect is verified in the local production build; production deployment and recrawl remain pending."
"https://emitronix.ae/blog/warehouse-dewa-approvals-approval-checklist","English","English blog article","Discovered - currently not indexed","200","","index, follow","","https://emitronix.ae/blog/warehouse-dewa-approvals-approval-checklist","Required tags present; self-reference present","Yes","4","Substantial, canonical HTML; near duplicate of https://emitronix.ae/blog/warehouse-mep-coordination-dubai-approval-checklist (0.85 similarity); 1523 words; html lang=en-AE; dir=ltr","Improve with substantial, page-specific content or consolidate to the strongest matching canonical page and remove this URL from the sitemap.","Implemented a direct 301 to the topic-matched warehouse resource and removed the generated article from route manifests, internal links and sitemap output.","Live audit 2026-08-11: final HTTP 200; Googlebot HTTP 200. Redirect is verified in the local production build; production deployment and recrawl remain pending."
"https://emitronix.ae/blog/warehouse-dewa-approvals-contractor-selection","English","English blog article","Discovered - currently not indexed","200","","index, follow","","https://emitronix.ae/blog/warehouse-dewa-approvals-contractor-selection","Required tags present; self-reference present","Yes","4","Substantial, canonical HTML; near duplicate of https://emitronix.ae/blog/warehouse-mep-coordination-dubai-contractor-selection (0.83 similarity); 1534 words; html lang=en-AE; dir=ltr","Improve with substantial, page-specific content or consolidate to the strongest matching canonical page and remove this URL from the sitemap.","Implemented a direct 301 to the topic-matched warehouse resource and removed the generated article from route manifests, internal links and sitemap output.","Live audit 2026-08-11: final HTTP 200; Googlebot HTTP 200. Redirect is verified in the local production build; production deployment and recrawl remain pending."
"https://emitronix.ae/blog/warehouse-dewa-approvals-cost-factors","English","English blog article","Discovered - currently not indexed","200","","index, follow","","https://emitronix.ae/blog/warehouse-dewa-approvals-cost-factors","Required tags present; self-reference present","Yes","4","Substantial, canonical HTML; near duplicate of https://emitronix.ae/blog/warehouse-mep-coordination-dubai-cost-factors (0.84 similarity); 1536 words; html lang=en-AE; dir=ltr","Improve with substantial, page-specific content or consolidate to the strongest matching canonical page and remove this URL from the sitemap.","Implemented a direct 301 to the topic-matched warehouse resource and removed the generated article from route manifests, internal links and sitemap output.","Live audit 2026-08-11: final HTTP 200; Googlebot HTTP 200. Redirect is verified in the local production build; production deployment and recrawl remain pending."
"https://emitronix.ae/blog/warehouse-dewa-approvals-planning-guide","English","English blog article","Discovered - currently not indexed","200","","index, follow","","https://emitronix.ae/blog/warehouse-dewa-approvals-planning-guide","Required tags present; self-reference present","Yes","7","Substantial, canonical HTML; near duplicate of https://emitronix.ae/blog/warehouse-mep-coordination-dubai-planning-guide (0.84 similarity); 1537 words; html lang=en-AE; dir=ltr","Improve with substantial, page-specific content or consolidate to the strongest matching canonical page and remove this URL from the sitemap.","Implemented a direct 301 to the topic-matched warehouse resource and removed the generated article from route manifests, internal links and sitemap output.","Live audit 2026-08-11: final HTTP 200; Googlebot HTTP 200. Redirect is verified in the local production build; production deployment and recrawl remain pending."
"https://emitronix.ae/blog/warehouse-dewa-approvals-timeline-process","English","English blog article","Discovered - currently not indexed","200","","index, follow","","https://emitronix.ae/blog/warehouse-dewa-approvals-timeline-process","Required tags present; self-reference present","Yes","4","Substantial, canonical HTML; near duplicate of https://emitronix.ae/blog/warehouse-mep-coordination-dubai-timeline-process (0.84 similarity); 1542 words; html lang=en-AE; dir=ltr","Improve with substantial, page-specific content or consolidate to the strongest matching canonical page and remove this URL from the sitemap.","Implemented a direct 301 to the topic-matched warehouse resource and removed the generated article from route manifests, internal links and sitemap output.","Live audit 2026-08-11: final HTTP 200; Googlebot HTTP 200. Redirect is verified in the local production build; production deployment and recrawl remain pending."
"https://emitronix.ae/blog/warehouse-dubai-municipality-approvals-approval-checklist","English","English blog article","Discovered - currently not indexed","200","","index, follow","","https://emitronix.ae/blog/warehouse-dubai-municipality-approvals-approval-checklist","Required tags present; self-reference present","Yes","4","Substantial, canonical HTML; near duplicate of https://emitronix.ae/blog/warehouse-authority-approvals-dubai-approval-checklist (0.85 similarity); 1542 words; html lang=en-AE; dir=ltr","Improve with substantial, page-specific content or consolidate to the strongest matching canonical page and remove this URL from the sitemap.","Implemented a direct 301 to the topic-matched warehouse resource and removed the generated article from route manifests, internal links and sitemap output.","Live audit 2026-08-11: final HTTP 200; Googlebot HTTP 200. Redirect is verified in the local production build; production deployment and recrawl remain pending."
"https://emitronix.ae/blog/warehouse-dubai-municipality-approvals-contractor-selection","English","English blog article","Discovered - currently not indexed","200","","index, follow","","https://emitronix.ae/blog/warehouse-dubai-municipality-approvals-contractor-selection","Required tags present; self-reference present","Yes","4","Substantial, canonical HTML; near duplicate of https://emitronix.ae/blog/warehouse-authority-approvals-dubai-contractor-selection (0.84 similarity); 1553 words; html lang=en-AE; dir=ltr","Improve with substantial, page-specific content or consolidate to the strongest matching canonical page and remove this URL from the sitemap.","Implemented a direct 301 to the topic-matched warehouse resource and removed the generated article from route manifests, internal links and sitemap output.","Live audit 2026-08-11: final HTTP 200; Googlebot HTTP 200. Redirect is verified in the local production build; production deployment and recrawl remain pending."
"https://emitronix.ae/blog/warehouse-dubai-municipality-approvals-cost-factors","English","English blog article","Discovered - currently not indexed","200","","index, follow","","https://emitronix.ae/blog/warehouse-dubai-municipality-approvals-cost-factors","Required tags present; self-reference present","Yes","4","Substantial, canonical HTML; near duplicate of https://emitronix.ae/blog/warehouse-authority-approvals-dubai-cost-factors (0.85 similarity); 1556 words; html lang=en-AE; dir=ltr","Improve with substantial, page-specific content or consolidate to the strongest matching canonical page and remove this URL from the sitemap.","Implemented a direct 301 to the topic-matched warehouse resource and removed the generated article from route manifests, internal links and sitemap output.","Live audit 2026-08-11: final HTTP 200; Googlebot HTTP 200. Redirect is verified in the local production build; production deployment and recrawl remain pending."
"https://emitronix.ae/blog/warehouse-dubai-municipality-approvals-planning-guide","English","English blog article","Discovered - currently not indexed","200","","index, follow","","https://emitronix.ae/blog/warehouse-dubai-municipality-approvals-planning-guide","Required tags present; self-reference present","Yes","7","Substantial, canonical HTML; near duplicate of https://emitronix.ae/blog/warehouse-authority-approvals-dubai-planning-guide (0.85 similarity); 1554 words; html lang=en-AE; dir=ltr","Improve with substantial, page-specific content or consolidate to the strongest matching canonical page and remove this URL from the sitemap.","Implemented a direct 301 to the topic-matched warehouse resource and removed the generated article from route manifests, internal links and sitemap output.","Live audit 2026-08-11: final HTTP 200; Googlebot HTTP 200. Redirect is verified in the local production build; production deployment and recrawl remain pending."
"https://emitronix.ae/blog/warehouse-dubai-municipality-approvals-timeline-process","English","English blog article","Discovered - currently not indexed","200","","index, follow","","https://emitronix.ae/blog/warehouse-dubai-municipality-approvals-timeline-process","Required tags present; self-reference present","Yes","4","Substantial, canonical HTML; near duplicate of https://emitronix.ae/blog/warehouse-authority-approvals-dubai-timeline-process (0.85 similarity); 1562 words; html lang=en-AE; dir=ltr","Improve with substantial, page-specific content or consolidate to the strongest matching canonical page and remove this URL from the sitemap.","Implemented a direct 301 to the topic-matched warehouse resource and removed the generated article from route manifests, internal links and sitemap output.","Live audit 2026-08-11: final HTTP 200; Googlebot HTTP 200. Redirect is verified in the local production build; production deployment and recrawl remain pending."
"https://emitronix.ae/blog/warehouse-fire-fighting-dubai-approval-checklist","English","English blog article","Discovered - currently not indexed","200","","index, follow","","https://emitronix.ae/blog/warehouse-fire-fighting-dubai-approval-checklist","Required tags present; self-reference present","Yes","4","Substantial, canonical HTML; near duplicate of https://emitronix.ae/blog/warehouse-dcd-approvals-approval-checklist (0.85 similarity); 1509 words; html lang=en-AE; dir=ltr","Improve with substantial, page-specific content or consolidate to the strongest matching canonical page and remove this URL from the sitemap.","Implemented a direct 301 to the topic-matched warehouse resource and removed the generated article from route manifests, internal links and sitemap output.","Live audit 2026-08-11: final HTTP 200; Googlebot HTTP 200. Redirect is verified in the local production build; production deployment and recrawl remain pending."
"https://emitronix.ae/blog/warehouse-fire-fighting-dubai-contractor-selection","English","English blog article","Discovered - currently not indexed","200","","index, follow","","https://emitronix.ae/blog/warehouse-fire-fighting-dubai-contractor-selection","Required tags present; self-reference present","Yes","4","Substantial, canonical HTML; near duplicate of https://emitronix.ae/blog/warehouse-dcd-approvals-contractor-selection (0.83 similarity); 1519 words; html lang=en-AE; dir=ltr","Improve with substantial, page-specific content or consolidate to the strongest matching canonical page and remove this URL from the sitemap.","Implemented a direct 301 to the topic-matched warehouse resource and removed the generated article from route manifests, internal links and sitemap output.","Live audit 2026-08-11: final HTTP 200; Googlebot HTTP 200. Redirect is verified in the local production build; production deployment and recrawl remain pending."
"https://emitronix.ae/blog/warehouse-fire-fighting-dubai-cost-factors","English","English blog article","Discovered - currently not indexed","200","","index, follow","","https://emitronix.ae/blog/warehouse-fire-fighting-dubai-cost-factors","Required tags present; self-reference present","Yes","4","Substantial, canonical HTML; near duplicate of https://emitronix.ae/blog/warehouse-dcd-approvals-cost-factors (0.84 similarity); 1522 words; html lang=en-AE; dir=ltr","Improve with substantial, page-specific content or consolidate to the strongest matching canonical page and remove this URL from the sitemap.","Implemented a direct 301 to the topic-matched warehouse resource and removed the generated article from route manifests, internal links and sitemap output.","Live audit 2026-08-11: final HTTP 200; Googlebot HTTP 200. Redirect is verified in the local production build; production deployment and recrawl remain pending."
"https://emitronix.ae/blog/warehouse-fire-fighting-dubai-planning-guide","English","English blog article","Discovered - currently not indexed","200","","index, follow","","https://emitronix.ae/blog/warehouse-fire-fighting-dubai-planning-guide","Required tags present; self-reference present","Yes","7","Substantial, canonical HTML; near duplicate of https://emitronix.ae/blog/warehouse-dcd-approvals-planning-guide (0.84 similarity); 1521 words; html lang=en-AE; dir=ltr","Improve with substantial, page-specific content or consolidate to the strongest matching canonical page and remove this URL from the sitemap.","Implemented a direct 301 to the topic-matched warehouse resource and removed the generated article from route manifests, internal links and sitemap output.","Live audit 2026-08-11: final HTTP 200; Googlebot HTTP 200. Redirect is verified in the local production build; production deployment and recrawl remain pending."
"https://emitronix.ae/blog/warehouse-fire-fighting-dubai-timeline-process","English","English blog article","Discovered - currently not indexed","200","","index, follow","","https://emitronix.ae/blog/warehouse-fire-fighting-dubai-timeline-process","Required tags present; self-reference present","Yes","4","Substantial, canonical HTML; near duplicate of https://emitronix.ae/blog/warehouse-dcd-approvals-timeline-process (0.84 similarity); 1527 words; html lang=en-AE; dir=ltr","Improve with substantial, page-specific content or consolidate to the strongest matching canonical page and remove this URL from the sitemap.","Implemented a direct 301 to the topic-matched warehouse resource and removed the generated article from route manifests, internal links and sitemap output.","Live audit 2026-08-11: final HTTP 200; Googlebot HTTP 200. Redirect is verified in the local production build; production deployment and recrawl remain pending."
"https://emitronix.ae/blog/warehouse-fit-out-dubai-contractor-selection","English","English blog article","Discovered - currently not indexed","200","","index, follow","","https://emitronix.ae/blog/warehouse-fit-out-dubai-contractor-selection","Required tags present; self-reference present","Yes","4","Substantial, canonical HTML; 1516 words; html lang=en-AE; dir=ltr","Keep indexable, retain the self-canonical URL in the sitemap, and strengthen contextual internal links from relevant hubs.","Implemented a direct 301 to the topic-matched warehouse resource and removed the generated article from route manifests, internal links and sitemap output.","Live audit 2026-08-11: final HTTP 200; Googlebot HTTP 200. Redirect is verified in the local production build; production deployment and recrawl remain pending."
"https://emitronix.ae/blog/warehouse-fit-out-dubai-cost-factors","English","English blog article","Discovered - currently not indexed","200","","index, follow","","https://emitronix.ae/blog/warehouse-fit-out-dubai-cost-factors","Required tags present; self-reference present","Yes","4","Substantial, canonical HTML; 1520 words; html lang=en-AE; dir=ltr","Keep indexable, retain the self-canonical URL in the sitemap, and strengthen contextual internal links from relevant hubs.","Implemented a direct 301 to the topic-matched warehouse resource and removed the generated article from route manifests, internal links and sitemap output.","Live audit 2026-08-11: final HTTP 200; Googlebot HTTP 200. Redirect is verified in the local production build; production deployment and recrawl remain pending."
"https://emitronix.ae/blog/warehouse-fit-out-dubai-planning-guide","English","English blog article","Discovered - currently not indexed","200","","index, follow","","https://emitronix.ae/blog/warehouse-fit-out-dubai-planning-guide","Required tags present; self-reference present","Yes","7","Substantial, canonical HTML; 1519 words; html lang=en-AE; dir=ltr","Keep indexable, retain the self-canonical URL in the sitemap, and strengthen contextual internal links from relevant hubs.","Implemented a direct 301 to the topic-matched warehouse resource and removed the generated article from route manifests, internal links and sitemap output.","Live audit 2026-08-11: final HTTP 200; Googlebot HTTP 200. Redirect is verified in the local production build; production deployment and recrawl remain pending."
"https://emitronix.ae/blog/warehouse-fit-out-dubai-timeline-process","English","English blog article","Discovered - currently not indexed","200","","index, follow","","https://emitronix.ae/blog/warehouse-fit-out-dubai-timeline-process","Required tags present; self-reference present","Yes","4","Substantial, canonical HTML; 1525 words; html lang=en-AE; dir=ltr","Keep indexable, retain the self-canonical URL in the sitemap, and strengthen contextual internal links from relevant hubs.","Implemented a direct 301 to the topic-matched warehouse resource and removed the generated article from route manifests, internal links and sitemap output.","Live audit 2026-08-11: final HTTP 200; Googlebot HTTP 200. Redirect is verified in the local production build; production deployment and recrawl remain pending."
"https://emitronix.ae/blog/warehouse-flooring-dubai-approval-checklist","English","English blog article","Discovered - currently not indexed","200","","index, follow","","https://emitronix.ae/blog/warehouse-flooring-dubai-approval-checklist","Required tags present; self-reference present","Yes","4","Substantial, canonical HTML; 1550 words; html lang=en-AE; dir=ltr","Keep indexable, retain the self-canonical URL in the sitemap, and strengthen contextual internal links from relevant hubs.","Implemented a direct 301 to the topic-matched warehouse resource and removed the generated article from route manifests, internal links and sitemap output.","Live audit 2026-08-11: final HTTP 200; Googlebot HTTP 200. Redirect is verified in the local production build; production deployment and recrawl remain pending."
"https://emitronix.ae/blog/warehouse-flooring-dubai-contractor-selection","English","English blog article","Discovered - currently not indexed","200","","index, follow","","https://emitronix.ae/blog/warehouse-flooring-dubai-contractor-selection","Required tags present; self-reference present","Yes","4","Substantial, canonical HTML; 1560 words; html lang=en-AE; dir=ltr","Keep indexable, retain the self-canonical URL in the sitemap, and strengthen contextual internal links from relevant hubs.","Implemented a direct 301 to the topic-matched warehouse resource and removed the generated article from route manifests, internal links and sitemap output.","Live audit 2026-08-11: final HTTP 200; Googlebot HTTP 200. Redirect is verified in the local production build; production deployment and recrawl remain pending."
"https://emitronix.ae/blog/warehouse-flooring-dubai-cost-factors","English","English blog article","Discovered - currently not indexed","200","","index, follow","","https://emitronix.ae/blog/warehouse-flooring-dubai-cost-factors","Required tags present; self-reference present","Yes","4","Substantial, canonical HTML; 1562 words; html lang=en-AE; dir=ltr","Keep indexable, retain the self-canonical URL in the sitemap, and strengthen contextual internal links from relevant hubs.","Implemented a direct 301 to the topic-matched warehouse resource and removed the generated article from route manifests, internal links and sitemap output.","Live audit 2026-08-11: final HTTP 200; Googlebot HTTP 200. Redirect is verified in the local production build; production deployment and recrawl remain pending."
"https://emitronix.ae/blog/warehouse-flooring-dubai-planning-guide","English","English blog article","Discovered - currently not indexed","200","","index, follow","","https://emitronix.ae/blog/warehouse-flooring-dubai-planning-guide","Required tags present; self-reference present","Yes","7","Substantial, canonical HTML; 1563 words; html lang=en-AE; dir=ltr","Keep indexable, retain the self-canonical URL in the sitemap, and strengthen contextual internal links from relevant hubs.","Implemented a direct 301 to the topic-matched warehouse resource and removed the generated article from route manifests, internal links and sitemap output.","Live audit 2026-08-11: final HTTP 200; Googlebot HTTP 200. Redirect is verified in the local production build; production deployment and recrawl remain pending."
"https://emitronix.ae/blog/warehouse-flooring-dubai-timeline-process","English","English blog article","Discovered - currently not indexed","200","","index, follow","","https://emitronix.ae/blog/warehouse-flooring-dubai-timeline-process","Required tags present; self-reference present","Yes","4","Substantial, canonical HTML; 1567 words; html lang=en-AE; dir=ltr","Keep indexable, retain the self-canonical URL in the sitemap, and strengthen contextual internal links from relevant hubs.","Implemented a direct 301 to the topic-matched warehouse resource and removed the generated article from route manifests, internal links and sitemap output.","Live audit 2026-08-11: final HTTP 200; Googlebot HTTP 200. Redirect is verified in the local production build; production deployment and recrawl remain pending."
"https://emitronix.ae/blog/warehouse-mep-coordination-dubai-approval-checklist","English","English blog article","Discovered - currently not indexed","200","","index, follow","","https://emitronix.ae/blog/warehouse-mep-coordination-dubai-approval-checklist","Required tags present; self-reference present","Yes","4","Substantial, canonical HTML; near duplicate of https://emitronix.ae/blog/warehouse-dewa-approvals-approval-checklist (0.85 similarity); 1538 words; html lang=en-AE; dir=ltr","Improve with substantial, page-specific content or consolidate to the strongest matching canonical page and remove this URL from the sitemap.","Implemented a direct 301 to the topic-matched warehouse resource and removed the generated article from route manifests, internal links and sitemap output.","Live audit 2026-08-11: final HTTP 200; Googlebot HTTP 200. Redirect is verified in the local production build; production deployment and recrawl remain pending."
"https://emitronix.ae/blog/warehouse-mep-coordination-dubai-contractor-selection","English","English blog article","Discovered - currently not indexed","200","","index, follow","","https://emitronix.ae/blog/warehouse-mep-coordination-dubai-contractor-selection","Required tags present; self-reference present","Yes","4","Substantial, canonical HTML; near duplicate of https://emitronix.ae/blog/warehouse-dewa-approvals-contractor-selection (0.83 similarity); 1547 words; html lang=en-AE; dir=ltr","Improve with substantial, page-specific content or consolidate to the strongest matching canonical page and remove this URL from the sitemap.","Implemented a direct 301 to the topic-matched warehouse resource and removed the generated article from route manifests, internal links and sitemap output.","Live audit 2026-08-11: final HTTP 200; Googlebot HTTP 200. Redirect is verified in the local production build; production deployment and recrawl remain pending."
"https://emitronix.ae/blog/warehouse-mep-coordination-dubai-cost-factors","English","English blog article","Discovered - currently not indexed","200","","index, follow","","https://emitronix.ae/blog/warehouse-mep-coordination-dubai-cost-factors","Required tags present; self-reference present","Yes","4","Substantial, canonical HTML; near duplicate of https://emitronix.ae/blog/warehouse-dewa-approvals-cost-factors (0.84 similarity); 1551 words; html lang=en-AE; dir=ltr","Improve with substantial, page-specific content or consolidate to the strongest matching canonical page and remove this URL from the sitemap.","Implemented a direct 301 to the topic-matched warehouse resource and removed the generated article from route manifests, internal links and sitemap output.","Live audit 2026-08-11: final HTTP 200; Googlebot HTTP 200. Redirect is verified in the local production build; production deployment and recrawl remain pending."
"https://emitronix.ae/blog/warehouse-mep-coordination-dubai-planning-guide","English","English blog article","Discovered - currently not indexed","200","","index, follow","","https://emitronix.ae/blog/warehouse-mep-coordination-dubai-planning-guide","Required tags present; self-reference present","Yes","7","Substantial, canonical HTML; near duplicate of https://emitronix.ae/blog/warehouse-dewa-approvals-planning-guide (0.84 similarity); 1551 words; html lang=en-AE; dir=ltr","Improve with substantial, page-specific content or consolidate to the strongest matching canonical page and remove this URL from the sitemap.","Implemented a direct 301 to the topic-matched warehouse resource and removed the generated article from route manifests, internal links and sitemap output.","Live audit 2026-08-11: final HTTP 200; Googlebot HTTP 200. Redirect is verified in the local production build; production deployment and recrawl remain pending."
"https://emitronix.ae/blog/warehouse-mep-coordination-dubai-timeline-process","English","English blog article","Discovered - currently not indexed","200","","index, follow","","https://emitronix.ae/blog/warehouse-mep-coordination-dubai-timeline-process","Required tags present; self-reference present","Yes","4","Substantial, canonical HTML; near duplicate of https://emitronix.ae/blog/warehouse-dewa-approvals-timeline-process (0.84 similarity); 1556 words; html lang=en-AE; dir=ltr","Improve with substantial, page-specific content or consolidate to the strongest matching canonical page and remove this URL from the sitemap.","Implemented a direct 301 to the topic-matched warehouse resource and removed the generated article from route manifests, internal links and sitemap output.","Live audit 2026-08-11: final HTTP 200; Googlebot HTTP 200. Redirect is verified in the local production build; production deployment and recrawl remain pending."
"https://emitronix.ae/blog/warehouse-project-management-dubai-approval-checklist","English","English blog article","Discovered - currently not indexed","200","","index, follow","","https://emitronix.ae/blog/warehouse-project-management-dubai-approval-checklist","Required tags present; self-reference present","Yes","4","Substantial, canonical HTML; near duplicate of https://emitronix.ae/blog/warehouse-construction-dubai-approval-checklist (0.89 similarity); 1543 words; html lang=en-AE; dir=ltr","Improve with substantial, page-specific content or consolidate to the strongest matching canonical page and remove this URL from the sitemap.","Implemented a direct 301 to the topic-matched warehouse resource and removed the generated article from route manifests, internal links and sitemap output.","Live audit 2026-08-11: final HTTP 200; Googlebot HTTP 200. Redirect is verified in the local production build; production deployment and recrawl remain pending."
"https://emitronix.ae/blog/warehouse-project-management-dubai-contractor-selection","English","English blog article","Discovered - currently not indexed","200","","index, follow","","https://emitronix.ae/blog/warehouse-project-management-dubai-contractor-selection","Required tags present; self-reference present","Yes","3","Substantial, canonical HTML; near duplicate of https://emitronix.ae/blog/warehouse-cost-planning-dubai-contractor-selection (0.88 similarity); 1545 words; html lang=en-AE; dir=ltr","Improve with substantial, page-specific content or consolidate to the strongest matching canonical page and remove this URL from the sitemap.","Implemented a direct 301 to the topic-matched warehouse resource and removed the generated article from route manifests, internal links and sitemap output.","Live audit 2026-08-11: final HTTP 200; Googlebot HTTP 200. Redirect is verified in the local production build; production deployment and recrawl remain pending."
"https://emitronix.ae/blog/warehouse-project-management-dubai-cost-factors","English","English blog article","Discovered - currently not indexed","200","","index, follow","","https://emitronix.ae/blog/warehouse-project-management-dubai-cost-factors","Required tags present; self-reference present","Yes","4","Substantial, canonical HTML; near duplicate of https://emitronix.ae/blog/warehouse-construction-dubai-cost-factors (0.88 similarity); 1556 words; html lang=en-AE; dir=ltr","Improve with substantial, page-specific content or consolidate to the strongest matching canonical page and remove this URL from the sitemap.","Implemented a direct 301 to the topic-matched warehouse resource and removed the generated article from route manifests, internal links and sitemap output.","Live audit 2026-08-11: final HTTP 200; Googlebot HTTP 200. Redirect is verified in the local production build; production deployment and recrawl remain pending."
"https://emitronix.ae/blog/warehouse-project-management-dubai-planning-guide","English","English blog article","Discovered - currently not indexed","200","","index, follow","","https://emitronix.ae/blog/warehouse-project-management-dubai-planning-guide","Required tags present; self-reference present","Yes","7","Substantial, canonical HTML; near duplicate of https://emitronix.ae/blog/warehouse-construction-dubai-planning-guide (0.88 similarity); 1556 words; html lang=en-AE; dir=ltr","Improve with substantial, page-specific content or consolidate to the strongest matching canonical page and remove this URL from the sitemap.","Implemented a direct 301 to the topic-matched warehouse resource and removed the generated article from route manifests, internal links and sitemap output.","Live audit 2026-08-11: final HTTP 200; Googlebot HTTP 200. Redirect is verified in the local production build; production deployment and recrawl remain pending."
"https://emitronix.ae/blog/warehouse-project-management-dubai-timeline-process","English","English blog article","Discovered - currently not indexed","200","","index, follow","","https://emitronix.ae/blog/warehouse-project-management-dubai-timeline-process","Required tags present; self-reference present","Yes","4","Substantial, canonical HTML; near duplicate of https://emitronix.ae/blog/warehouse-construction-dubai-timeline-process (0.88 similarity); 1561 words; html lang=en-AE; dir=ltr","Improve with substantial, page-specific content or consolidate to the strongest matching canonical page and remove this URL from the sitemap.","Implemented a direct 301 to the topic-matched warehouse resource and removed the generated article from route manifests, internal links and sitemap output.","Live audit 2026-08-11: final HTTP 200; Googlebot HTTP 200. Redirect is verified in the local production build; production deployment and recrawl remain pending."
"https://emitronix.ae/blog/warehouse-renovation-dubai-approval-checklist","English","English blog article","Discovered - currently not indexed","200","","index, follow","","https://emitronix.ae/blog/warehouse-renovation-dubai-approval-checklist","Required tags present; self-reference present","Yes","4","Substantial, canonical HTML; 1493 words; html lang=en-AE; dir=ltr","Keep indexable, retain the self-canonical URL in the sitemap, and strengthen contextual internal links from relevant hubs.","Implemented a direct 301 to the topic-matched warehouse resource and removed the generated article from route manifests, internal links and sitemap output.","Live audit 2026-08-11: final HTTP 200; Googlebot HTTP 200. Redirect is verified in the local production build; production deployment and recrawl remain pending."
"https://emitronix.ae/blog/warehouse-renovation-dubai-cost-factors","English","English blog article","Discovered - currently not indexed","200","","index, follow","","https://emitronix.ae/blog/warehouse-renovation-dubai-cost-factors","Required tags present; self-reference present","Yes","4","Substantial, canonical HTML; 1505 words; html lang=en-AE; dir=ltr","Keep indexable, retain the self-canonical URL in the sitemap, and strengthen contextual internal links from relevant hubs.","Implemented a direct 301 to the topic-matched warehouse resource and removed the generated article from route manifests, internal links and sitemap output.","Live audit 2026-08-11: final HTTP 200; Googlebot HTTP 200. Redirect is verified in the local production build; production deployment and recrawl remain pending."
"https://emitronix.ae/blog/warehouse-renovation-dubai-planning-guide","English","English blog article","Discovered - currently not indexed","200","","index, follow","","https://emitronix.ae/blog/warehouse-renovation-dubai-planning-guide","Required tags present; self-reference present","Yes","7","Substantial, canonical HTML; 1507 words; html lang=en-AE; dir=ltr","Keep indexable, retain the self-canonical URL in the sitemap, and strengthen contextual internal links from relevant hubs.","Implemented a direct 301 to the topic-matched warehouse resource and removed the generated article from route manifests, internal links and sitemap output.","Live audit 2026-08-11: final HTTP 200; Googlebot HTTP 200. Redirect is verified in the local production build; production deployment and recrawl remain pending."
"https://emitronix.ae/blog/warehouse-renovation-dubai-timeline-process","English","English blog article","Discovered - currently not indexed","200","","index, follow","","https://emitronix.ae/blog/warehouse-renovation-dubai-timeline-process","Required tags present; self-reference present","Yes","4","Substantial, canonical HTML; 1510 words; html lang=en-AE; dir=ltr","Keep indexable, retain the self-canonical URL in the sitemap, and strengthen contextual internal links from relevant hubs.","Implemented a direct 301 to the topic-matched warehouse resource and removed the generated article from route manifests, internal links and sitemap output.","Live audit 2026-08-11: final HTTP 200; Googlebot HTTP 200. Redirect is verified in the local production build; production deployment and recrawl remain pending."
"https://emitronix.ae/warehouse/cold-storage-warehouse","English","Warehouse resource","Discovered - currently not indexed","200","","index, follow","","https://emitronix.ae/warehouse/cold-storage-warehouse","Required tags present; self-reference present","Yes","11","Substantial, canonical HTML; 1558 words; html lang=en-AE; dir=ltr","Keep indexable, retain the self-canonical URL in the sitemap, and strengthen contextual internal links from relevant hubs.","Retained as a canonical indexable resource with sitemap inclusion and contextual internal links.","Live audit 2026-08-11: final HTTP 200; Googlebot HTTP 200"
"https://emitronix.ae/warehouse/distribution-centre-construction","English","Warehouse resource","Discovered - currently not indexed","200","","index, follow","","https://emitronix.ae/warehouse/distribution-centre-construction","Required tags present; self-reference present","Yes","6","Substantial, canonical HTML; 1544 words; html lang=en-AE; dir=ltr","Keep indexable, retain the self-canonical URL in the sitemap, and strengthen contextual internal links from relevant hubs.","Retained as a canonical indexable resource with sitemap inclusion and contextual internal links.","Live audit 2026-08-11: final HTTP 200; Googlebot HTTP 200"
"https://emitronix.ae/warehouse/factory-construction","English","Warehouse resource","Discovered - currently not indexed","200","","index, follow","","https://emitronix.ae/warehouse/factory-construction","Required tags present; self-reference present","Yes","11","Substantial, canonical HTML; 1521 words; html lang=en-AE; dir=ltr","Keep indexable, retain the self-canonical URL in the sitemap, and strengthen contextual internal links from relevant hubs.","Retained as a canonical indexable resource with sitemap inclusion and contextual internal links.","Live audit 2026-08-11: final HTTP 200; Googlebot HTTP 200"
"https://emitronix.ae/warehouse/industrial-building-construction","English","Warehouse resource","Discovered - currently not indexed","200","","index, follow","","https://emitronix.ae/warehouse/industrial-building-construction","Required tags present; self-reference present","Yes","11","Substantial, canonical HTML; 1532 words; html lang=en-AE; dir=ltr","Keep indexable, retain the self-canonical URL in the sitemap, and strengthen contextual internal links from relevant hubs.","Retained as a canonical indexable resource with sitemap inclusion and contextual internal links.","Live audit 2026-08-11: final HTTP 200; Googlebot HTTP 200"
"https://emitronix.ae/warehouse/industrial-warehouse-construction","English","Warehouse resource","Discovered - currently not indexed","200","","index, follow","","https://emitronix.ae/warehouse/industrial-warehouse-construction","Required tags present; self-reference present","Yes","11","Substantial, canonical HTML; 1550 words; html lang=en-AE; dir=ltr","Keep indexable, retain the self-canonical URL in the sitemap, and strengthen contextual internal links from relevant hubs.","Retained as a canonical indexable resource with sitemap inclusion and contextual internal links.","Live audit 2026-08-11: final HTTP 200; Googlebot HTTP 200"
"https://emitronix.ae/warehouse/logistics-warehouse","English","Warehouse resource","Discovered - currently not indexed","200","","index, follow","","https://emitronix.ae/warehouse/logistics-warehouse","Required tags present; self-reference present","Yes","11","Substantial, canonical HTML; 1527 words; html lang=en-AE; dir=ltr","Keep indexable, retain the self-canonical URL in the sitemap, and strengthen contextual internal links from relevant hubs.","Retained as a canonical indexable resource with sitemap inclusion and contextual internal links.","Live audit 2026-08-11: final HTTP 200; Googlebot HTTP 200"
"https://emitronix.ae/warehouse/steel-warehouse-construction","English","Warehouse resource","Discovered - currently not indexed","200","","index, follow","","https://emitronix.ae/warehouse/steel-warehouse-construction","Required tags present; self-reference present","Yes","11","Substantial, canonical HTML; 1543 words; html lang=en-AE; dir=ltr","Keep indexable, retain the self-canonical URL in the sitemap, and strengthen contextual internal links from relevant hubs.","Retained as a canonical indexable resource with sitemap inclusion and contextual internal links.","Live audit 2026-08-11: final HTTP 200; Googlebot HTTP 200"
"https://emitronix.ae/warehouse/warehouse-authority-approvals","English","Warehouse resource","Discovered - currently not indexed","200","","index, follow","","https://emitronix.ae/warehouse/warehouse-authority-approvals","Required tags present; self-reference present","Yes","11","Substantial, canonical HTML; 1595 words; html lang=en-AE; dir=ltr","Keep indexable, retain the self-canonical URL in the sitemap, and strengthen contextual internal links from relevant hubs.","Retained as a canonical indexable resource with sitemap inclusion and contextual internal links.","Live audit 2026-08-11: final HTTP 200; Googlebot HTTP 200"
"https://emitronix.ae/warehouse/warehouse-builder-uae","English","Warehouse resource","Discovered - currently not indexed","200","","index, follow","","https://emitronix.ae/warehouse/warehouse-builder-uae","Required tags present; self-reference present","Yes","6","Substantial, canonical HTML; 1552 words; html lang=en-AE; dir=ltr","Keep indexable, retain the self-canonical URL in the sitemap, and strengthen contextual internal links from relevant hubs.","Retained as a canonical indexable resource with sitemap inclusion and contextual internal links.","Live audit 2026-08-11: final HTTP 200; Googlebot HTTP 200"
"https://emitronix.ae/warehouse/warehouse-civil-contractor","English","Warehouse resource","Discovered - currently not indexed","200","","index, follow","","https://emitronix.ae/warehouse/warehouse-civil-contractor","Required tags present; self-reference present","Yes","6","Substantial, canonical HTML; 1549 words; html lang=en-AE; dir=ltr","Keep indexable, retain the self-canonical URL in the sitemap, and strengthen contextual internal links from relevant hubs.","Retained as a canonical indexable resource with sitemap inclusion and contextual internal links.","Live audit 2026-08-11: final HTTP 200; Googlebot HTTP 200"
"https://emitronix.ae/warehouse/warehouse-civil-works","English","Warehouse resource","Discovered - currently not indexed","200","","index, follow","","https://emitronix.ae/warehouse/warehouse-civil-works","Required tags present; self-reference present","Yes","6","Substantial, canonical HTML; 1524 words; html lang=en-AE; dir=ltr","Keep indexable, retain the self-canonical URL in the sitemap, and strengthen contextual internal links from relevant hubs.","Retained as a canonical indexable resource with sitemap inclusion and contextual internal links.","Live audit 2026-08-11: final HTTP 200; Googlebot HTTP 200"
"https://emitronix.ae/warehouse/warehouse-completion","English","Warehouse resource","Discovered - currently not indexed","200","","index, follow","","https://emitronix.ae/warehouse/warehouse-completion","Required tags present; self-reference present","Yes","6","Substantial, canonical HTML; near duplicate of https://emitronix.ae/warehouse/warehouse-project-management (0.83 similarity); 1537 words; html lang=en-AE; dir=ltr","Improve with substantial, page-specific content or consolidate to the strongest matching canonical page and remove this URL from the sitemap.","Retained as a canonical indexable resource with sitemap inclusion and contextual internal links.","Live audit 2026-08-11: final HTTP 200; Googlebot HTTP 200"
"https://emitronix.ae/warehouse/warehouse-compliance-uae","English","Warehouse resource","Discovered - currently not indexed","200","","index, follow","","https://emitronix.ae/warehouse/warehouse-compliance-uae","Required tags present; self-reference present","Yes","6","Substantial, canonical HTML; 1561 words; html lang=en-AE; dir=ltr","Keep indexable, retain the self-canonical URL in the sitemap, and strengthen contextual internal links from relevant hubs.","Retained as a canonical indexable resource with sitemap inclusion and contextual internal links.","Live audit 2026-08-11: final HTTP 200; Googlebot HTTP 200"
"https://emitronix.ae/warehouse/warehouse-concrete-works","English","Warehouse resource","Discovered - currently not indexed","200","","index, follow","","https://emitronix.ae/warehouse/warehouse-concrete-works","Required tags present; self-reference present","Yes","6","Substantial, canonical HTML; 1512 words; html lang=en-AE; dir=ltr","Keep indexable, retain the self-canonical URL in the sitemap, and strengthen contextual internal links from relevant hubs.","Retained as a canonical indexable resource with sitemap inclusion and contextual internal links.","Live audit 2026-08-11: final HTTP 200; Googlebot HTTP 200"
"https://emitronix.ae/warehouse/warehouse-construction-dubai","English","Warehouse resource","Discovered - currently not indexed","200","","index, follow","","https://emitronix.ae/warehouse/warehouse-construction-dubai","Required tags present; self-reference present","Yes","9","Substantial, canonical HTML; near duplicate of https://emitronix.ae/warehouse/warehouse-planning (0.83 similarity); 1511 words; html lang=en-AE; dir=ltr","Improve with substantial, page-specific content or consolidate to the strongest matching canonical page and remove this URL from the sitemap.","Retained as a canonical indexable resource with sitemap inclusion and contextual internal links.","Live audit 2026-08-11: final HTTP 200; Googlebot HTTP 200"
"https://emitronix.ae/warehouse/warehouse-construction-timeline","English","Warehouse resource","Discovered - currently not indexed","200","","index, follow","","https://emitronix.ae/warehouse/warehouse-construction-timeline","Required tags present; self-reference present","Yes","6","Substantial, canonical HTML; near duplicate of https://emitronix.ae/warehouse/warehouse-consultant (0.82 similarity); 1554 words; html lang=en-AE; dir=ltr","Improve with substantial, page-specific content or consolidate to the strongest matching canonical page and remove this URL from the sitemap.","Retained as a canonical indexable resource with sitemap inclusion and contextual internal links.","Live audit 2026-08-11: final HTTP 200; Googlebot HTTP 200"
"https://emitronix.ae/warehouse/warehouse-consultant","English","Warehouse resource","Discovered - currently not indexed","200","","index, follow","","https://emitronix.ae/warehouse/warehouse-consultant","Required tags present; self-reference present","Yes","6","Substantial, canonical HTML; near duplicate of https://emitronix.ae/warehouse/warehouse-engineering (0.83 similarity); 1536 words; html lang=en-AE; dir=ltr","Improve with substantial, page-specific content or consolidate to the strongest matching canonical page and remove this URL from the sitemap.","Retained as a canonical indexable resource with sitemap inclusion and contextual internal links.","Live audit 2026-08-11: final HTTP 200; Googlebot HTTP 200"
"https://emitronix.ae/warehouse/warehouse-contractor-checklist","English","Warehouse resource","Discovered - currently not indexed","200","","index, follow","","https://emitronix.ae/warehouse/warehouse-contractor-checklist","Required tags present; self-reference present","Yes","6","Substantial, canonical HTML; near duplicate of https://emitronix.ae/warehouse/warehouse-planning (0.83 similarity); 1551 words; html lang=en-AE; dir=ltr","Improve with substantial, page-specific content or consolidate to the strongest matching canonical page and remove this URL from the sitemap.","Retained as a canonical indexable resource with sitemap inclusion and contextual internal links.","Live audit 2026-08-11: final HTTP 200; Googlebot HTTP 200"
"https://emitronix.ae/warehouse/warehouse-contractors-dubai","English","Warehouse resource","Discovered - currently not indexed","200","","index, follow","","https://emitronix.ae/warehouse/warehouse-contractors-dubai","Required tags present; self-reference present","Yes","10","Substantial, canonical HTML; 1536 words; html lang=en-AE; dir=ltr","Keep indexable, retain the self-canonical URL in the sitemap, and strengthen contextual internal links from relevant hubs.","Retained as a canonical indexable resource with sitemap inclusion and contextual internal links.","Live audit 2026-08-11: final HTTP 200; Googlebot HTTP 200"
"https://emitronix.ae/warehouse/warehouse-cost-guide","English","Warehouse resource","Discovered - currently not indexed","200","","index, follow","","https://emitronix.ae/warehouse/warehouse-cost-guide","Required tags present; self-reference present","Yes","11","Substantial, canonical HTML; near duplicate of https://emitronix.ae/warehouse/warehouse-planning (0.82 similarity); 1552 words; html lang=en-AE; dir=ltr","Improve with substantial, page-specific content or consolidate to the strongest matching canonical page and remove this URL from the sitemap.","Retained as a canonical indexable resource with sitemap inclusion and contextual internal links.","Live audit 2026-08-11: final HTTP 200; Googlebot HTTP 200"
"https://emitronix.ae/warehouse/warehouse-dcd-approvals","English","Warehouse resource","Discovered - currently not indexed","200","","index, follow","","https://emitronix.ae/warehouse/warehouse-dcd-approvals","Required tags present; self-reference present","Yes","11","Substantial, canonical HTML; 1481 words; html lang=en-AE; dir=ltr","Keep indexable, retain the self-canonical URL in the sitemap, and strengthen contextual internal links from relevant hubs.","Retained as a canonical indexable resource with sitemap inclusion and contextual internal links.","Live audit 2026-08-11: final HTTP 200; Googlebot HTTP 200"
"https://emitronix.ae/warehouse/warehouse-design-build","English","Warehouse resource","Discovered - currently not indexed","200","","index, follow","","https://emitronix.ae/warehouse/warehouse-design-build","Required tags present; self-reference present","Yes","11","Substantial, canonical HTML; near duplicate of https://emitronix.ae/warehouse/warehouse-planning (0.82 similarity); 1552 words; html lang=en-AE; dir=ltr","Improve with substantial, page-specific content or consolidate to the strongest matching canonical page and remove this URL from the sitemap.","Retained as a canonical indexable resource with sitemap inclusion and contextual internal links.","Live audit 2026-08-11: final HTTP 200; Googlebot HTTP 200"
"https://emitronix.ae/warehouse/warehouse-design-standards-uae","English","Warehouse resource","Discovered - currently not indexed","200","","index, follow","","https://emitronix.ae/warehouse/warehouse-design-standards-uae","Required tags present; self-reference present","Yes","6","Substantial, canonical HTML; 1562 words; html lang=en-AE; dir=ltr","Keep indexable, retain the self-canonical URL in the sitemap, and strengthen contextual internal links from relevant hubs.","Retained as a canonical indexable resource with sitemap inclusion and contextual internal links.","Live audit 2026-08-11: final HTTP 200; Googlebot HTTP 200"
"https://emitronix.ae/warehouse/warehouse-dewa-approvals","English","Warehouse resource","Discovered - currently not indexed","200","","index, follow","","https://emitronix.ae/warehouse/warehouse-dewa-approvals","Required tags present; self-reference present","Yes","11","Substantial, canonical HTML; 1493 words; html lang=en-AE; dir=ltr","Keep indexable, retain the self-canonical URL in the sitemap, and strengthen contextual internal links from relevant hubs.","Retained as a canonical indexable resource with sitemap inclusion and contextual internal links.","Live audit 2026-08-11: final HTTP 200; Googlebot HTTP 200"
"https://emitronix.ae/warehouse/warehouse-dm-approvals","English","Warehouse resource","Discovered - currently not indexed","200","","index, follow","","https://emitronix.ae/warehouse/warehouse-dm-approvals","Required tags present; self-reference present","Yes","11","Substantial, canonical HTML; 1497 words; html lang=en-AE; dir=ltr","Keep indexable, retain the self-canonical URL in the sitemap, and strengthen contextual internal links from relevant hubs.","Retained as a canonical indexable resource with sitemap inclusion and contextual internal links.","Live audit 2026-08-11: final HTTP 200; Googlebot HTTP 200"
"https://emitronix.ae/warehouse/warehouse-engineering","English","Warehouse resource","Discovered - currently not indexed","200","","index, follow","","https://emitronix.ae/warehouse/warehouse-engineering","Required tags present; self-reference present","Yes","6","Substantial, canonical HTML; near duplicate of https://emitronix.ae/warehouse/warehouse-consultant (0.83 similarity); 1537 words; html lang=en-AE; dir=ltr","Improve with substantial, page-specific content or consolidate to the strongest matching canonical page and remove this URL from the sitemap.","Retained as a canonical indexable resource with sitemap inclusion and contextual internal links.","Live audit 2026-08-11: final HTTP 200; Googlebot HTTP 200"
"https://emitronix.ae/warehouse/warehouse-epc-contractor","English","Warehouse resource","Discovered - currently not indexed","200","","index, follow","","https://emitronix.ae/warehouse/warehouse-epc-contractor","Required tags present; self-reference present","Yes","6","Substantial, canonical HTML; near duplicate of https://emitronix.ae/warehouse/warehouse-planning (0.82 similarity); 1548 words; html lang=en-AE; dir=ltr","Improve with substantial, page-specific content or consolidate to the strongest matching canonical page and remove this URL from the sitemap.","Retained as a canonical indexable resource with sitemap inclusion and contextual internal links.","Live audit 2026-08-11: final HTTP 200; Googlebot HTTP 200"
"https://emitronix.ae/warehouse/warehouse-expansion","English","Warehouse resource","Discovered - currently not indexed","200","","index, follow","","https://emitronix.ae/warehouse/warehouse-expansion","Required tags present; self-reference present","Yes","6","Substantial, canonical HTML; 1512 words; html lang=en-AE; dir=ltr","Keep indexable, retain the self-canonical URL in the sitemap, and strengthen contextual internal links from relevant hubs.","Retained as a canonical indexable resource with sitemap inclusion and contextual internal links.","Live audit 2026-08-11: final HTTP 200; Googlebot HTTP 200"
"https://emitronix.ae/warehouse/warehouse-extension","English","Warehouse resource","Discovered - currently not indexed","200","","index, follow","","https://emitronix.ae/warehouse/warehouse-extension","Required tags present; self-reference present","Yes","6","Substantial, canonical HTML; 1505 words; html lang=en-AE; dir=ltr","Keep indexable, retain the self-canonical URL in the sitemap, and strengthen contextual internal links from relevant hubs.","Retained as a canonical indexable resource with sitemap inclusion and contextual internal links.","Live audit 2026-08-11: final HTTP 200; Googlebot HTTP 200"
"https://emitronix.ae/warehouse/warehouse-fire-alarm","English","Warehouse resource","Discovered - currently not indexed","200","","index, follow","","https://emitronix.ae/warehouse/warehouse-fire-alarm","Required tags present; self-reference present","Yes","6","Substantial, canonical HTML; 1476 words; html lang=en-AE; dir=ltr","Keep indexable, retain the self-canonical URL in the sitemap, and strengthen contextual internal links from relevant hubs.","Retained as a canonical indexable resource with sitemap inclusion and contextual internal links.","Live audit 2026-08-11: final HTTP 200; Googlebot HTTP 200"
"https://emitronix.ae/warehouse/warehouse-fire-fighting","English","Warehouse resource","Discovered - currently not indexed","200","","index, follow","","https://emitronix.ae/warehouse/warehouse-fire-fighting","Required tags present; self-reference present","Yes","11","Substantial, canonical HTML; 1509 words; html lang=en-AE; dir=ltr","Keep indexable, retain the self-canonical URL in the sitemap, and strengthen contextual internal links from relevant hubs.","Retained as a canonical indexable resource with sitemap inclusion and contextual internal links.","Live audit 2026-08-11: final HTTP 200; Googlebot HTTP 200"
"https://emitronix.ae/warehouse/warehouse-fit-out","English","Warehouse resource","Discovered - currently not indexed","200","","index, follow","","https://emitronix.ae/warehouse/warehouse-fit-out","Required tags present; self-reference present","Yes","11","Substantial, canonical HTML; 1506 words; html lang=en-AE; dir=ltr","Keep indexable, retain the self-canonical URL in the sitemap, and strengthen contextual internal links from relevant hubs.","Retained as a canonical indexable resource with sitemap inclusion and contextual internal links.","Live audit 2026-08-11: final HTTP 200; Googlebot HTTP 200"
"https://emitronix.ae/warehouse/warehouse-flooring","English","Warehouse resource","Discovered - currently not indexed","200","","index, follow","","https://emitronix.ae/warehouse/warehouse-flooring","Required tags present; self-reference present","Yes","11","Substantial, canonical HTML; 1521 words; html lang=en-AE; dir=ltr","Keep indexable, retain the self-canonical URL in the sitemap, and strengthen contextual internal links from relevant hubs.","Retained as a canonical indexable resource with sitemap inclusion and contextual internal links.","Live audit 2026-08-11: final HTTP 200; Googlebot HTTP 200"
"https://emitronix.ae/warehouse/warehouse-foundations","English","Warehouse resource","Discovered - currently not indexed","200","","index, follow","","https://emitronix.ae/warehouse/warehouse-foundations","Required tags present; self-reference present","Yes","6","Substantial, canonical HTML; 1494 words; html lang=en-AE; dir=ltr","Keep indexable, retain the self-canonical URL in the sitemap, and strengthen contextual internal links from relevant hubs.","Retained as a canonical indexable resource with sitemap inclusion and contextual internal links.","Live audit 2026-08-11: final HTTP 200; Googlebot HTTP 200"
"https://emitronix.ae/warehouse/warehouse-infrastructure","English","Warehouse resource","Discovered - currently not indexed","200","","index, follow","","https://emitronix.ae/warehouse/warehouse-infrastructure","Required tags present; self-reference present","Yes","6","Substantial, canonical HTML; 1525 words; html lang=en-AE; dir=ltr","Keep indexable, retain the self-canonical URL in the sitemap, and strengthen contextual internal links from relevant hubs.","Retained as a canonical indexable resource with sitemap inclusion and contextual internal links.","Live audit 2026-08-11: final HTTP 200; Googlebot HTTP 200"
"https://emitronix.ae/warehouse/warehouse-landscaping","English","Warehouse resource","Discovered - currently not indexed","200","","index, follow","","https://emitronix.ae/warehouse/warehouse-landscaping","Required tags present; self-reference present","Yes","4","Substantial, canonical HTML; 1477 words; html lang=en-AE; dir=ltr","Keep indexable, retain the self-canonical URL in the sitemap, and strengthen contextual internal links from relevant hubs.","Retained as a canonical indexable resource with sitemap inclusion and contextual internal links.","Live audit 2026-08-11: final HTTP 200; Googlebot HTTP 200"
"https://emitronix.ae/warehouse/warehouse-loading-dock-construction","English","Warehouse resource","Discovered - currently not indexed","200","","index, follow","","https://emitronix.ae/warehouse/warehouse-loading-dock-construction","Required tags present; self-reference present","Yes","6","Substantial, canonical HTML; 1560 words; html lang=en-AE; dir=ltr","Keep indexable, retain the self-canonical URL in the sitemap, and strengthen contextual internal links from relevant hubs.","Retained as a canonical indexable resource with sitemap inclusion and contextual internal links.","Live audit 2026-08-11: final HTTP 200; Googlebot HTTP 200"
"https://emitronix.ae/warehouse/warehouse-maintenance","English","Warehouse resource","Discovered - currently not indexed","200","","index, follow","","https://emitronix.ae/warehouse/warehouse-maintenance","Required tags present; self-reference present","Yes","6","Substantial, canonical HTML; 1505 words; html lang=en-AE; dir=ltr","Keep indexable, retain the self-canonical URL in the sitemap, and strengthen contextual internal links from relevant hubs.","Retained as a canonical indexable resource with sitemap inclusion and contextual internal links.","Live audit 2026-08-11: final HTTP 200; Googlebot HTTP 200"
"https://emitronix.ae/warehouse/warehouse-mep","English","Warehouse resource","Discovered - currently not indexed","200","","index, follow","","https://emitronix.ae/warehouse/warehouse-mep","Required tags present; self-reference present","Yes","11","Substantial, canonical HTML; 1533 words; html lang=en-AE; dir=ltr","Keep indexable, retain the self-canonical URL in the sitemap, and strengthen contextual internal links from relevant hubs.","Retained as a canonical indexable resource with sitemap inclusion and contextual internal links.","Live audit 2026-08-11: final HTTP 200; Googlebot HTTP 200"
"https://emitronix.ae/warehouse/warehouse-office-construction","English","Warehouse resource","Discovered - currently not indexed","200","","index, follow","","https://emitronix.ae/warehouse/warehouse-office-construction","Required tags present; self-reference present","Yes","6","Substantial, canonical HTML; 1532 words; html lang=en-AE; dir=ltr","Keep indexable, retain the self-canonical URL in the sitemap, and strengthen contextual internal links from relevant hubs.","Retained as a canonical indexable resource with sitemap inclusion and contextual internal links.","Live audit 2026-08-11: final HTTP 200; Googlebot HTTP 200"
"https://emitronix.ae/warehouse/warehouse-parking-construction","English","Warehouse resource","Discovered - currently not indexed","200","","index, follow","","https://emitronix.ae/warehouse/warehouse-parking-construction","Required tags present; self-reference present","Yes","6","Substantial, canonical HTML; 1523 words; html lang=en-AE; dir=ltr","Keep indexable, retain the self-canonical URL in the sitemap, and strengthen contextual internal links from relevant hubs.","Retained as a canonical indexable resource with sitemap inclusion and contextual internal links.","Live audit 2026-08-11: final HTTP 200; Googlebot HTTP 200"
"https://emitronix.ae/warehouse/warehouse-planning","English","Warehouse resource","Discovered - currently not indexed","200","","index, follow","","https://emitronix.ae/warehouse/warehouse-planning","Required tags present; self-reference present","Yes","6","Substantial, canonical HTML; near duplicate of https://emitronix.ae/warehouse/warehouse-contractor-checklist (0.83 similarity); 1532 words; html lang=en-AE; dir=ltr","Improve with substantial, page-specific content or consolidate to the strongest matching canonical page and remove this URL from the sitemap.","Retained as a canonical indexable resource with sitemap inclusion and contextual internal links.","Live audit 2026-08-11: final HTTP 200; Googlebot HTTP 200"
"https://emitronix.ae/warehouse/warehouse-project-management","English","Warehouse resource","Discovered - currently not indexed","200","","index, follow","","https://emitronix.ae/warehouse/warehouse-project-management","Required tags present; self-reference present","Yes","11","Substantial, canonical HTML; near duplicate of https://emitronix.ae/warehouse/warehouse-completion (0.83 similarity); 1549 words; html lang=en-AE; dir=ltr","Improve with substantial, page-specific content or consolidate to the strongest matching canonical page and remove this URL from the sitemap.","Retained as a canonical indexable resource with sitemap inclusion and contextual internal links.","Live audit 2026-08-11: final HTTP 200; Googlebot HTTP 200"
"https://emitronix.ae/warehouse/warehouse-renovation","English","Warehouse resource","Discovered - currently not indexed","200","","index, follow","","https://emitronix.ae/warehouse/warehouse-renovation","Required tags present; self-reference present","Yes","11","Substantial, canonical HTML; 1509 words; html lang=en-AE; dir=ltr","Keep indexable, retain the self-canonical URL in the sitemap, and strengthen contextual internal links from relevant hubs.","Retained as a canonical indexable resource with sitemap inclusion and contextual internal links.","Live audit 2026-08-11: final HTTP 200; Googlebot HTTP 200"
"https://emitronix.ae/warehouse/warehouse-road-works","English","Warehouse resource","Discovered - currently not indexed","200","","index, follow","","https://emitronix.ae/warehouse/warehouse-road-works","Required tags present; self-reference present","Yes","5","Substantial, canonical HTML; 1524 words; html lang=en-AE; dir=ltr","Keep indexable, retain the self-canonical URL in the sitemap, and strengthen contextual internal links from relevant hubs.","Retained as a canonical indexable resource with sitemap inclusion and contextual internal links.","Live audit 2026-08-11: final HTTP 200; Googlebot HTTP 200"
"https://emitronix.ae/warehouse/warehouse-roofing","English","Warehouse resource","Discovered - currently not indexed","200","","index, follow","","https://emitronix.ae/warehouse/warehouse-roofing","Required tags present; self-reference present","Yes","6","Substantial, canonical HTML; 1500 words; html lang=en-AE; dir=ltr","Keep indexable, retain the self-canonical URL in the sitemap, and strengthen contextual internal links from relevant hubs.","Retained as a canonical indexable resource with sitemap inclusion and contextual internal links.","Live audit 2026-08-11: final HTTP 200; Googlebot HTTP 200"
"https://emitronix.ae/warehouse/warehouse-safety-standards","English","Warehouse resource","Discovered - currently not indexed","200","","index, follow","","https://emitronix.ae/warehouse/warehouse-safety-standards","Required tags present; self-reference present","Yes","6","Substantial, canonical HTML; 1510 words; html lang=en-AE; dir=ltr","Keep indexable, retain the self-canonical URL in the sitemap, and strengthen contextual internal links from relevant hubs.","Retained as a canonical indexable resource with sitemap inclusion and contextual internal links.","Live audit 2026-08-11: final HTTP 200; Googlebot HTTP 200"
"https://emitronix.ae/warehouse/warehouse-structural-steel","English","Warehouse resource","Discovered - currently not indexed","200","","index, follow","","https://emitronix.ae/warehouse/warehouse-structural-steel","Required tags present; self-reference present","Yes","6","Substantial, canonical HTML; 1509 words; html lang=en-AE; dir=ltr","Keep indexable, retain the self-canonical URL in the sitemap, and strengthen contextual internal links from relevant hubs.","Retained as a canonical indexable resource with sitemap inclusion and contextual internal links.","Live audit 2026-08-11: final HTTP 200; Googlebot HTTP 200"
"https://emitronix.ae/warehouse/warehouse-turnkey-contractor","English","Warehouse resource","Discovered - currently not indexed","200","","index, follow","","https://emitronix.ae/warehouse/warehouse-turnkey-contractor","Required tags present; self-reference present","Yes","6","Substantial, canonical HTML; near duplicate of https://emitronix.ae/warehouse/warehouse-consultant (0.83 similarity); 1553 words; html lang=en-AE; dir=ltr","Improve with substantial, page-specific content or consolidate to the strongest matching canonical page and remove this URL from the sitemap.","Retained as a canonical indexable resource with sitemap inclusion and contextual internal links.","Live audit 2026-08-11: final HTTP 200; Googlebot HTTP 200"
"https://emitronix.ae/warehouse/warehouse-utility-services","English","Warehouse resource","Discovered - currently not indexed","200","","index, follow","","https://emitronix.ae/warehouse/warehouse-utility-services","Required tags present; self-reference present","Yes","6","Substantial, canonical HTML; 1547 words; html lang=en-AE; dir=ltr","Keep indexable, retain the self-canonical URL in the sitemap, and strengthen contextual internal links from relevant hubs.","Retained as a canonical indexable resource with sitemap inclusion and contextual internal links.","Live audit 2026-08-11: final HTTP 200; Googlebot HTTP 200"
"https://emitronix.ae/contact?intent=site-visit","English","Page","Alternate page with proper canonical tag","200","","index, follow","","https://emitronix.ae/contact","Required tags present; self-reference missing","No","77","Substantial, canonical HTML; 559 words; html lang=en-AE; dir=ltr","Remove the alternate URL from internal links and sitemap; link directly to https://emitronix.ae/contact.","Confirmed the parameter URL is excluded from the sitemap and canonicalizes to the clean page URL.","Live audit 2026-08-11: final HTTP 200; Googlebot HTTP 200"
"https://emitronix.ae/ar/services/design-build","Arabic","Arabic service alias","Alternate page with proper canonical tag","308","https://emitronix.ae/ar/design-build","index, follow","","https://emitronix.ae/ar/design-build","Required tags present; self-reference present","No","0","Redirected URL; 250 words; html lang=en-AE; dir=ltr","Keep the permanent redirect only when https://emitronix.ae/ar/design-build is the intended replacement; remove the source URL from internal links and sitemap.","Confirmed the existing redirect is direct and the source URL is absent from the sitemap and current internal links.","Live audit 2026-08-11: final HTTP 200; Googlebot HTTP 200 at https://emitronix.ae/ar/design-build"
"https://emitronix.ae/ar/services/interior","Arabic","Arabic service alias","Alternate page with proper canonical tag","308","https://emitronix.ae/ar/interior","index, follow","","https://emitronix.ae/ar/interior","Required tags present; self-reference present","No","0","Redirected URL; near duplicate of https://emitronix.ae/ar/services/interior-fit-out (1.00 similarity); 249 words; html lang=en-AE; dir=ltr","Keep the permanent redirect only when https://emitronix.ae/ar/interior is the intended replacement; remove the source URL from internal links and sitemap.","Confirmed the existing redirect is direct and the source URL is absent from the sitemap and current internal links.","Live audit 2026-08-11: final HTTP 200; Googlebot HTTP 200 at https://emitronix.ae/ar/interior"
"https://emitronix.ae/ar/services/industrial-buildings","Arabic","Arabic service alias","Alternate page with proper canonical tag","308","https://emitronix.ae/ar/industrial-buildings","index, follow","","https://emitronix.ae/ar/industrial-buildings","Required tags present; self-reference present","No","0","Redirected URL; 246 words; html lang=en-AE; dir=ltr","Keep the permanent redirect only when https://emitronix.ae/ar/industrial-buildings is the intended replacement; remove the source URL from internal links and sitemap.","Confirmed the existing redirect is direct and the source URL is absent from the sitemap and current internal links.","Live audit 2026-08-11: final HTTP 200; Googlebot HTTP 200 at https://emitronix.ae/ar/industrial-buildings"
"https://emitronix.ae/ar/services/project-management","Arabic","Arabic service alias","Alternate page with proper canonical tag","308","https://emitronix.ae/ar/project-management","index, follow","","https://emitronix.ae/ar/project-management","Required tags present; self-reference present","No","0","Redirected URL; 244 words; html lang=en-AE; dir=ltr","Keep the permanent redirect only when https://emitronix.ae/ar/project-management is the intended replacement; remove the source URL from internal links and sitemap.","Confirmed the existing redirect is direct and the source URL is absent from the sitemap and current internal links.","Live audit 2026-08-11: final HTTP 200; Googlebot HTTP 200 at https://emitronix.ae/ar/project-management"
"https://emitronix.ae/ar/services/commercial-buildings","Arabic","Arabic service alias","Alternate page with proper canonical tag","308","https://emitronix.ae/ar/commercial-buildings","index, follow","","https://emitronix.ae/ar/commercial-buildings","Required tags present; self-reference present","No","0","Redirected URL; 251 words; html lang=en-AE; dir=ltr","Keep the permanent redirect only when https://emitronix.ae/ar/commercial-buildings is the intended replacement; remove the source URL from internal links and sitemap.","Confirmed the existing redirect is direct and the source URL is absent from the sitemap and current internal links.","Live audit 2026-08-11: final HTTP 200; Googlebot HTTP 200 at https://emitronix.ae/ar/commercial-buildings"
"https://emitronix.ae/ar/services/building-renovation","Arabic","Arabic service alias","Alternate page with proper canonical tag","308","https://emitronix.ae/ar/building-renovation","index, follow","","https://emitronix.ae/ar/building-renovation","Required tags present; self-reference present","No","0","Redirected URL; 248 words; html lang=en-AE; dir=ltr","Keep the permanent redirect only when https://emitronix.ae/ar/building-renovation is the intended replacement; remove the source URL from internal links and sitemap.","Confirmed the existing redirect is direct and the source URL is absent from the sitemap and current internal links.","Live audit 2026-08-11: final HTTP 200; Googlebot HTTP 200 at https://emitronix.ae/ar/building-renovation"
"https://emitronix.ae/ar/services/interior-fit-out","Arabic","Arabic service alias","Alternate page with proper canonical tag","308","https://emitronix.ae/ar/interior","index, follow","","https://emitronix.ae/ar/interior","Required tags present; self-reference present","No","0","Redirected URL; near duplicate of https://emitronix.ae/ar/services/interior (1.00 similarity); 249 words; html lang=en-AE; dir=ltr","Keep the permanent redirect only when https://emitronix.ae/ar/interior is the intended replacement; remove the source URL from internal links and sitemap.","Confirmed the existing redirect is direct and the source URL is absent from the sitemap and current internal links.","Live audit 2026-08-11: final HTTP 200; Googlebot HTTP 200 at https://emitronix.ae/ar/interior"
"https://emitronix.ae/ar/services/villa-construction","Arabic","Arabic service alias","Alternate page with proper canonical tag","308","https://emitronix.ae/ar/villa-construction","index, follow","","https://emitronix.ae/ar/villa-construction","Required tags present; self-reference present","No","0","Redirected URL; 246 words; html lang=en-AE; dir=ltr","Keep the permanent redirect only when https://emitronix.ae/ar/villa-construction is the intended replacement; remove the source URL from internal links and sitemap.","Confirmed the existing redirect is direct and the source URL is absent from the sitemap and current internal links.","Live audit 2026-08-11: final HTTP 200; Googlebot HTTP 200 at https://emitronix.ae/ar/villa-construction"
"https://emitronix.ae/ar/services/civil-contracting","Arabic","Arabic service alias","Alternate page with proper canonical tag","308","https://emitronix.ae/ar/civil","index, follow","","https://emitronix.ae/ar/civil","Required tags present; self-reference present","No","0","Redirected URL; near duplicate of https://emitronix.ae/ar/services/civil (1.00 similarity); 258 words; html lang=en-AE; dir=ltr","Keep the permanent redirect only when https://emitronix.ae/ar/civil is the intended replacement; remove the source URL from internal links and sitemap.","Confirmed the existing redirect is direct and the source URL is absent from the sitemap and current internal links.","Live audit 2026-08-11: final HTTP 200; Googlebot HTTP 200 at https://emitronix.ae/ar/civil"
"https://emitronix.ae/ar/services/main-contracting","Arabic","Arabic service alias","Alternate page with proper canonical tag","308","https://emitronix.ae/ar/main-contracting","index, follow","","https://emitronix.ae/ar/main-contracting","Required tags present; self-reference present","No","0","Redirected URL; 253 words; html lang=en-AE; dir=ltr","Keep the permanent redirect only when https://emitronix.ae/ar/main-contracting is the intended replacement; remove the source URL from internal links and sitemap.","Confirmed the existing redirect is direct and the source URL is absent from the sitemap and current internal links.","Live audit 2026-08-11: final HTTP 200; Googlebot HTTP 200 at https://emitronix.ae/ar/main-contracting"
"https://emitronix.ae/services/design-build","English","English service alias","Alternate page with proper canonical tag","308","https://emitronix.ae/design-build","index, follow","","https://emitronix.ae/design-build","Required tags present; self-reference present","No","0","Redirected URL; 3616 words; html lang=en-AE; dir=ltr","Keep the permanent redirect only when https://emitronix.ae/design-build is the intended replacement; remove the source URL from internal links and sitemap.","Confirmed the existing redirect is direct and the source URL is absent from the sitemap and current internal links.","Live audit 2026-08-11: final HTTP 200; Googlebot HTTP 200 at https://emitronix.ae/design-build"
"https://emitronix.ae/services/main-contracting","English","English service alias","Alternate page with proper canonical tag","308","https://emitronix.ae/main-contracting","index, follow","","https://emitronix.ae/main-contracting","Required tags present; self-reference present","No","0","Redirected URL; 3625 words; html lang=en-AE; dir=ltr","Keep the permanent redirect only when https://emitronix.ae/main-contracting is the intended replacement; remove the source URL from internal links and sitemap.","Confirmed the existing redirect is direct and the source URL is absent from the sitemap and current internal links.","Live audit 2026-08-11: final HTTP 200; Googlebot HTTP 200 at https://emitronix.ae/main-contracting"
"https://emitronix.ae/services/structural-works","English","English service alias","Alternate page with proper canonical tag","308","https://emitronix.ae/structural-works","index, follow","","https://emitronix.ae/structural-works","Required tags present; self-reference present","No","0","Redirected URL; 3591 words; html lang=en-AE; dir=ltr","Keep the permanent redirect only when https://emitronix.ae/structural-works is the intended replacement; remove the source URL from internal links and sitemap.","Confirmed the existing redirect is direct and the source URL is absent from the sitemap and current internal links.","Live audit 2026-08-11: final HTTP 200; Googlebot HTTP 200 at https://emitronix.ae/structural-works"
"https://emitronix.ae/ar/services/structural-works","Arabic","Arabic service alias","Alternate page with proper canonical tag","308","https://emitronix.ae/ar/structural-works","index, follow","","https://emitronix.ae/ar/structural-works","Required tags present; self-reference present","No","0","Redirected URL; 249 words; html lang=en-AE; dir=ltr","Keep the permanent redirect only when https://emitronix.ae/ar/structural-works is the intended replacement; remove the source URL from internal links and sitemap.","Confirmed the existing redirect is direct and the source URL is absent from the sitemap and current internal links.","Live audit 2026-08-11: final HTTP 200; Googlebot HTTP 200 at https://emitronix.ae/ar/structural-works"
"https://emitronix.ae/ar/services/warehouse-construction","Arabic","Arabic service alias","Alternate page with proper canonical tag","308","https://emitronix.ae/ar/warehouse-construction","index, follow","","https://emitronix.ae/ar/warehouse-construction","Required tags present; self-reference present","No","0","Redirected URL; 259 words; html lang=en-AE; dir=ltr","Keep the permanent redirect only when https://emitronix.ae/ar/warehouse-construction is the intended replacement; remove the source URL from internal links and sitemap.","Confirmed the existing redirect is direct and the source URL is absent from the sitemap and current internal links.","Live audit 2026-08-11: final HTTP 200; Googlebot HTTP 200 at https://emitronix.ae/ar/warehouse-construction"
"https://emitronix.ae/ar/contact?intent=site-visit","Arabic","Arabic page","Alternate page with proper canonical tag","200","","index, follow","","https://emitronix.ae/ar/contact","Required tags present; self-reference missing","No","0","Thin HTML (254 words); 254 words; html lang=en-AE; dir=ltr","Remove the alternate URL from internal links and sitemap; link directly to https://emitronix.ae/ar/contact.","Confirmed the parameter URL is excluded from the sitemap and canonicalizes to the clean page URL.","Live audit 2026-08-11: final HTTP 200; Googlebot HTTP 200"
"https://emitronix.ae/ar/services/turnkey-construction","Arabic","Arabic service alias","Alternate page with proper canonical tag","308","https://emitronix.ae/ar/turnkey-construction","index, follow","","https://emitronix.ae/ar/turnkey-construction","Required tags present; self-reference present","No","0","Redirected URL; 251 words; html lang=en-AE; dir=ltr","Keep the permanent redirect only when https://emitronix.ae/ar/turnkey-construction is the intended replacement; remove the source URL from internal links and sitemap.","Confirmed the existing redirect is direct and the source URL is absent from the sitemap and current internal links.","Live audit 2026-08-11: final HTTP 200; Googlebot HTTP 200 at https://emitronix.ae/ar/turnkey-construction"
"https://emitronix.ae/services/building-renovation","English","English service alias","Alternate page with proper canonical tag","308","https://emitronix.ae/building-renovation","index, follow","","https://emitronix.ae/building-renovation","Required tags present; self-reference present","No","0","Redirected URL; 3575 words; html lang=en-AE; dir=ltr","Keep the permanent redirect only when https://emitronix.ae/building-renovation is the intended replacement; remove the source URL from internal links and sitemap.","Confirmed the existing redirect is direct and the source URL is absent from the sitemap and current internal links.","Live audit 2026-08-11: final HTTP 200; Googlebot HTTP 200 at https://emitronix.ae/building-renovation"
"https://emitronix.ae/services/commercial-buildings","English","English service alias","Page with redirect","308","https://emitronix.ae/commercial-buildings","index, follow","","https://emitronix.ae/commercial-buildings","Required tags present; self-reference present","No","0","Redirected URL; 3618 words; html lang=en-AE; dir=ltr","Keep the permanent redirect only when https://emitronix.ae/commercial-buildings is the intended replacement; remove the source URL from internal links and sitemap.","Confirmed the existing redirect is direct and the source URL is absent from the sitemap and current internal links.","Live audit 2026-08-11: final HTTP 200; Googlebot HTTP 200 at https://emitronix.ae/commercial-buildings"
"https://emitronix.ae/services/villa-construction","English","English service alias","Page with redirect","308","https://emitronix.ae/villa-construction","index, follow","","https://emitronix.ae/villa-construction","Required tags present; self-reference present","No","0","Redirected URL; 3591 words; html lang=en-AE; dir=ltr","Keep the permanent redirect only when https://emitronix.ae/villa-construction is the intended replacement; remove the source URL from internal links and sitemap.","Confirmed the existing redirect is direct and the source URL is absent from the sitemap and current internal links.","Live audit 2026-08-11: final HTTP 200; Googlebot HTTP 200 at https://emitronix.ae/villa-construction"
"https://emitronix.ae/services/project-management","English","English service alias","Page with redirect","308","https://emitronix.ae/project-management","index, follow","","https://emitronix.ae/project-management","Required tags present; self-reference present","No","0","Redirected URL; 3607 words; html lang=en-AE; dir=ltr","Keep the permanent redirect only when https://emitronix.ae/project-management is the intended replacement; remove the source URL from internal links and sitemap.","Confirmed the existing redirect is direct and the source URL is absent from the sitemap and current internal links.","Live audit 2026-08-11: final HTTP 200; Googlebot HTTP 200 at https://emitronix.ae/project-management"
"https://emitronix.ae/approvals","English","Page","Page with redirect","308","https://emitronix.ae/approval","index, follow","","https://emitronix.ae/approval","Required tags present; self-reference present","No","0","Redirected URL; 719 words; html lang=en-AE; dir=ltr","Keep the permanent redirect only when https://emitronix.ae/approval is the intended replacement; remove the source URL from internal links and sitemap.","Confirmed the existing redirect is direct and the source URL is absent from the sitemap and current internal links.","Live audit 2026-08-11: final HTTP 200; Googlebot HTTP 200 at https://emitronix.ae/approval"
"https://emitronix.ae/services/warehouse-construction","English","English service alias","Page with redirect","308","https://emitronix.ae/warehouse-construction","index, follow","","https://emitronix.ae/warehouse-construction","Required tags present; self-reference present","No","0","Redirected URL; 5077 words; html lang=en-AE; dir=ltr","Keep the permanent redirect only when https://emitronix.ae/warehouse-construction is the intended replacement; remove the source URL from internal links and sitemap.","Confirmed the existing redirect is direct and the source URL is absent from the sitemap and current internal links.","Live audit 2026-08-11: final HTTP 200; Googlebot HTTP 200 at https://emitronix.ae/warehouse-construction"
"https://emitronix.ae/services/turnkey-construction","English","English service alias","Page with redirect","308","https://emitronix.ae/turnkey-construction","index, follow","","https://emitronix.ae/turnkey-construction","Required tags present; self-reference present","No","0","Redirected URL; 3620 words; html lang=en-AE; dir=ltr","Keep the permanent redirect only when https://emitronix.ae/turnkey-construction is the intended replacement; remove the source URL from internal links and sitemap.","Confirmed the existing redirect is direct and the source URL is absent from the sitemap and current internal links.","Live audit 2026-08-11: final HTTP 200; Googlebot HTTP 200 at https://emitronix.ae/turnkey-construction"
"https://emitronix.ae/ar/approvals","Arabic","Arabic page","Page with redirect","308","https://emitronix.ae/ar/approval","index, follow","","https://emitronix.ae/ar/approval","Required tags present; self-reference present","No","0","Redirected URL; 195 words; html lang=en-AE; dir=ltr","Keep the permanent redirect only when https://emitronix.ae/ar/approval is the intended replacement; remove the source URL from internal links and sitemap.","Confirmed the existing redirect is direct and the source URL is absent from the sitemap and current internal links.","Live audit 2026-08-11: final HTTP 200; Googlebot HTTP 200 at https://emitronix.ae/ar/approval"
"https://emitronix.ae/services/industrial-buildings","English","English service alias","Page with redirect","308","https://emitronix.ae/industrial-buildings","index, follow","","https://emitronix.ae/industrial-buildings","Required tags present; self-reference present","No","0","Redirected URL; 3621 words; html lang=en-AE; dir=ltr","Keep the permanent redirect only when https://emitronix.ae/industrial-buildings is the intended replacement; remove the source URL from internal links and sitemap.","Confirmed the existing redirect is direct and the source URL is absent from the sitemap and current internal links.","Live audit 2026-08-11: final HTTP 200; Googlebot HTTP 200 at https://emitronix.ae/industrial-buildings"
"https://emitronix.ae/ar/","Arabic","Arabic page","Page with redirect","308","https://emitronix.ae/ar","index, follow","","https://emitronix.ae/ar","Required tags present; self-reference present","No","0","Redirected URL; 269 words; html lang=en-AE; dir=ltr","Keep the permanent redirect only when https://emitronix.ae/ar is the intended replacement; remove the source URL from internal links and sitemap.","Confirmed the existing redirect is direct and the source URL is absent from the sitemap and current internal links.","Live audit 2026-08-11: final HTTP 200; Googlebot HTTP 200 at https://emitronix.ae/ar"
"https://emitronix.ae/services/civil","English","English service alias","Page with redirect","308","https://emitronix.ae/civil","index, follow","","https://emitronix.ae/civil","Required tags present; self-reference present","No","0","Redirected URL; near duplicate of https://emitronix.ae/services/civil-contracting (1.00 similarity); 3701 words; html lang=en-AE; dir=ltr","Keep the permanent redirect only when https://emitronix.ae/civil is the intended replacement; remove the source URL from internal links and sitemap.","Confirmed the existing redirect is direct and the source URL is absent from the sitemap and current internal links.","Live audit 2026-08-11: final HTTP 200; Googlebot HTTP 200 at https://emitronix.ae/civil"
"https://emitronix.ae/services/civil-contracting","English","English service alias","Page with redirect","308","https://emitronix.ae/civil","index, follow","","https://emitronix.ae/civil","Required tags present; self-reference present","No","0","Redirected URL; near duplicate of https://emitronix.ae/services/civil (1.00 similarity); 3701 words; html lang=en-AE; dir=ltr","Keep the permanent redirect only when https://emitronix.ae/civil is the intended replacement; remove the source URL from internal links and sitemap.","Confirmed the existing redirect is direct and the source URL is absent from the sitemap and current internal links.","Live audit 2026-08-11: final HTTP 200; Googlebot HTTP 200 at https://emitronix.ae/civil"
"https://emitronix.ae/ar/services/civil","Arabic","Arabic service alias","Page with redirect","308","https://emitronix.ae/ar/civil","index, follow","","https://emitronix.ae/ar/civil","Required tags present; self-reference present","No","0","Redirected URL; near duplicate of https://emitronix.ae/ar/services/civil-contracting (1.00 similarity); 258 words; html lang=en-AE; dir=ltr","Keep the permanent redirect only when https://emitronix.ae/ar/civil is the intended replacement; remove the source URL from internal links and sitemap.","Confirmed the existing redirect is direct and the source URL is absent from the sitemap and current internal links.","Live audit 2026-08-11: final HTTP 200; Googlebot HTTP 200 at https://emitronix.ae/ar/civil"
"https://emitronix.ae/services/interior","English","English service alias","Page with redirect","308","https://emitronix.ae/interior","index, follow","","https://emitronix.ae/interior","Required tags present; self-reference present","No","0","Redirected URL; near duplicate of https://emitronix.ae/services/interior-fit-out (1.00 similarity); 3657 words; html lang=en-AE; dir=ltr","Keep the permanent redirect only when https://emitronix.ae/interior is the intended replacement; remove the source URL from internal links and sitemap.","Confirmed the existing redirect is direct and the source URL is absent from the sitemap and current internal links.","Live audit 2026-08-11: final HTTP 200; Googlebot HTTP 200 at https://emitronix.ae/interior"
"https://emitronix.ae/services/interior-fit-out","English","English service alias","Page with redirect","308","https://emitronix.ae/interior","index, follow","","https://emitronix.ae/interior","Required tags present; self-reference present","No","0","Redirected URL; near duplicate of https://emitronix.ae/services/interior (1.00 similarity); 3657 words; html lang=en-AE; dir=ltr","Keep the permanent redirect only when https://emitronix.ae/interior is the intended replacement; remove the source URL from internal links and sitemap.","Confirmed the existing redirect is direct and the source URL is absent from the sitemap and current internal links.","Live audit 2026-08-11: final HTTP 200; Googlebot HTTP 200 at https://emitronix.ae/interior"
"https://emitronix.ae/ar/blog/industrial-building-planning-guide-uae","Arabic","Arabic blog article","Not found (404)","404","","noindex","","","Missing ar, ar-ae, en, en-ae, x-default; self-reference missing","No","0","Not found or permanently removed; 37 words; html lang=en-AE; dir=ltr","Keep 404/410 for invalid or obsolete URLs without a replacement; otherwise add one direct 301 and remove stale internal links.","Implemented a direct 301 to the closest current editorial, service or Arabic replacement; the retired URL remains excluded from the sitemap.","Live audit 2026-08-11: final HTTP 404; Googlebot HTTP 404"
"https://emitronix.ae/blog/warehouse-design-guide-uae","English","English blog article","Not found (404)","404","","noindex","","","Missing en, en-ae, x-default; self-reference missing","No","0","Not found or permanently removed; 37 words; html lang=en-AE; dir=ltr","Keep 404/410 for invalid or obsolete URLs without a replacement; otherwise add one direct 301 and remove stale internal links.","Implemented a direct 301 to the closest current editorial, service or Arabic replacement; the retired URL remains excluded from the sitemap.","Live audit 2026-08-11: final HTTP 404; Googlebot HTTP 404"
"https://emitronix.ae/blog/main-contractor-vs-general-contractor-dubai","English","English blog article","Not found (404)","404","","noindex","","","Missing en, en-ae, x-default; self-reference missing","No","0","Not found or permanently removed; 37 words; html lang=en-AE; dir=ltr","Keep 404/410 for invalid or obsolete URLs without a replacement; otherwise add one direct 301 and remove stale internal links.","Implemented a direct 301 to the closest current editorial, service or Arabic replacement; the retired URL remains excluded from the sitemap.","Live audit 2026-08-11: final HTTP 404; Googlebot HTTP 404"
"https://emitronix.ae/blog/construction-cost-saving-tips-dubai","English","English blog article","Not found (404)","404","","noindex","","","Missing en, en-ae, x-default; self-reference missing","No","0","Not found or permanently removed; 37 words; html lang=en-AE; dir=ltr","Keep 404/410 for invalid or obsolete URLs without a replacement; otherwise add one direct 301 and remove stale internal links.","Implemented a direct 301 to the closest current editorial, service or Arabic replacement; the retired URL remains excluded from the sitemap.","Live audit 2026-08-11: final HTTP 404; Googlebot HTTP 404"
"https://emitronix.ae/ar/blog/construction-cost-saving-tips-dubai","Arabic","Arabic blog article","Not found (404)","404","","noindex","","","Missing ar, ar-ae, en, en-ae, x-default; self-reference missing","No","0","Not found or permanently removed; 37 words; html lang=en-AE; dir=ltr","Keep 404/410 for invalid or obsolete URLs without a replacement; otherwise add one direct 301 and remove stale internal links.","Implemented a direct 301 to the closest current editorial, service or Arabic replacement; the retired URL remains excluded from the sitemap.","Live audit 2026-08-11: final HTTP 404; Googlebot HTTP 404"
"https://emitronix.ae/$","English","Page","Not found (404)","404","","noindex","","","Missing en, en-ae, x-default; self-reference missing","No","0","Not found or permanently removed; 37 words; html lang=en-AE; dir=ltr","Keep 404/410 for invalid or obsolete URLs without a replacement; otherwise add one direct 301 and remove stale internal links.","Confirmed malformed URL remains a real 404 with no sitemap or internal-link discovery path.","Live audit 2026-08-11: final HTTP 404; Googlebot HTTP 404"
"https://emitronix.ae/&","English","Page","Not found (404)","404","","noindex","","","Missing en, en-ae, x-default; self-reference missing","No","0","Not found or permanently removed; 37 words; html lang=en-AE; dir=ltr","Keep 404/410 for invalid or obsolete URLs without a replacement; otherwise add one direct 301 and remove stale internal links.","Confirmed malformed URL remains a real 404 with no sitemap or internal-link discovery path.","Live audit 2026-08-11: final HTTP 404; Googlebot HTTP 404"
"https://emitronix.ae/blog/steel-warehouse-construction-dubai-planning-guide","English","English blog article","Crawled - currently not indexed","200","","index, follow","","https://emitronix.ae/blog/steel-warehouse-construction-dubai-planning-guide","Required tags present; self-reference present","Yes","7","Substantial, canonical HTML; 1539 words; html lang=en-AE; dir=ltr","Keep indexable, retain the self-canonical URL in the sitemap, and strengthen contextual internal links from relevant hubs.","Implemented a direct 301 to the topic-matched warehouse resource and removed the generated article from route manifests, internal links and sitemap output.","Live audit 2026-08-11: final HTTP 200; Googlebot HTTP 200. Redirect is verified in the local production build; production deployment and recrawl remain pending."
"https://emitronix.ae/blog/warehouse-authority-approvals-dubai-planning-guide","English","English blog article","Crawled - currently not indexed","200","","index, follow","","https://emitronix.ae/blog/warehouse-authority-approvals-dubai-planning-guide","Required tags present; self-reference present","Yes","7","Substantial, canonical HTML; near duplicate of https://emitronix.ae/blog/warehouse-dubai-municipality-approvals-planning-guide (0.85 similarity); 1559 words; html lang=en-AE; dir=ltr","Improve with substantial, page-specific content or consolidate to the strongest matching canonical page and remove this URL from the sitemap.","Implemented a direct 301 to the topic-matched warehouse resource and removed the generated article from route manifests, internal links and sitemap output.","Live audit 2026-08-11: final HTTP 200; Googlebot HTTP 200. Redirect is verified in the local production build; production deployment and recrawl remain pending."
"https://emitronix.ae/manifest.webmanifest","English","asset","Crawled - currently not indexed","200","","","","","Not applicable","No","0","Non-HTML application/manifest+json; 0 words; html lang=missing; dir=missing","No indexing action required for this non-HTML asset; keep it out of the XML sitemap.","Confirmed this non-HTML asset is excluded from the XML sitemap; no page-indexing directive added.","Live audit 2026-08-11: final HTTP 200; Googlebot HTTP 200"
"https://emitronix.ae/_next/static/media/e4af272ccee01ff0-s.p.woff2","English","asset","Crawled - currently not indexed","200","","","","","Not applicable","No","0","Non-HTML font/woff2; 0 words; html lang=missing; dir=missing","No indexing action required for this non-HTML asset; keep it out of the XML sitemap.","Confirmed this non-HTML asset is excluded from the XML sitemap; no page-indexing directive added.","Live audit 2026-08-11: final HTTP 200; Googlebot HTTP 200"
"https://emitronix.ae/search","English","search","Excluded by ‘noindex’ tag","200","","noindex, follow","","https://emitronix.ae/search","Required tags present; self-reference present","No","0","Intentionally noindex; 284 words; html lang=en-AE; dir=ltr","Keep noindex,follow only if the page has user value but should not appear in search.","Confirmed the search results page remains intentionally noindex and excluded from the XML sitemap.","Live audit 2026-08-11: final HTTP 200; Googlebot HTTP 200"
