"Category","Campaign","Ad Group","Keyword","Match Type","Search Intent","Commercial Value","Expected Lead Quality","Competition Level","Recommended Landing Page","Priority","Status","Launch Hold","Notes"
"Warehouse construction","Search | Warehouse Construction | Dubai","Warehouse Construction","warehouse construction dubai","Exact","Transactional","High","High","High (directional estimate)","https://emitronix.ae/warehouse-construction","P1","Paused - draft only","No","Classification is an estimate; validate volume, CPC and query fit in Keyword Planner before launch."
"Warehouse construction","Search | Warehouse Construction | Dubai","Warehouse Construction","warehouse construction dubai","Phrase","Transactional","High","High","High (directional estimate)","https://emitronix.ae/warehouse-construction","P1","Paused - draft only","No","Classification is an estimate; validate volume, CPC and query fit in Keyword Planner before launch."
"Warehouse construction","Search | Warehouse Construction | Dubai","Warehouse Construction","warehouse construction company dubai","Exact","Transactional","High","High","High (directional estimate)","https://emitronix.ae/warehouse-construction","P1","Paused - draft only","No","Classification is an estimate; validate volume, CPC and query fit in Keyword Planner before launch."
"Warehouse construction","Search | Warehouse Construction | Dubai","Warehouse Construction","warehouse construction company dubai","Phrase","Transactional","High","High","High (directional estimate)","https://emitronix.ae/warehouse-construction","P1","Paused - draft only","No","Classification is an estimate; validate volume, CPC and query fit in Keyword Planner before launch."
"Warehouse construction","Search | Warehouse Construction | Dubai","Warehouse Construction","warehouse construction contractor dubai","Exact","Transactional","High","High","High (directional estimate)","https://emitronix.ae/warehouse-construction","P1","Paused - draft only","No","Classification is an estimate; validate volume, CPC and query fit in Keyword Planner before launch."
"Warehouse construction","Search | Warehouse Construction | Dubai","Warehouse Construction","warehouse construction contractor dubai","Phrase","Transactional","High","High","High (directional estimate)","https://emitronix.ae/warehouse-construction","P1","Paused - draft only","No","Classification is an estimate; validate volume, CPC and query fit in Keyword Planner before launch."
"Warehouse construction","Search | Warehouse Construction | Dubai","Warehouse Construction","warehouse construction quotation dubai","Exact","Transactional","High","High","High (directional estimate)","https://emitronix.ae/warehouse-construction","P1","Paused - draft only","No","Classification is an estimate; validate volume, CPC and query fit in Keyword Planner before launch."
"Warehouse construction","Search | Warehouse Construction | Dubai","Warehouse Construction","warehouse construction quotation dubai","Phrase","Transactional","High","High","High (directional estimate)","https://emitronix.ae/warehouse-construction","P1","Paused - draft only","No","Classification is an estimate; validate volume, CPC and query fit in Keyword Planner before launch."
"Warehouse construction","Search | Warehouse Construction | Dubai","Warehouse Construction","warehouse construction cost dubai","Exact","Transactional","High","High","High (directional estimate)","https://emitronix.ae/warehouse-construction","P1","Paused - draft only","No","Classification is an estimate; validate volume, CPC and query fit in Keyword Planner before launch."
"Warehouse construction","Search | Warehouse Construction | Dubai","Warehouse Construction","warehouse construction cost dubai","Phrase","Transactional","High","High","High (directional estimate)","https://emitronix.ae/warehouse-construction","P1","Paused - draft only","No","Classification is an estimate; validate volume, CPC and query fit in Keyword Planner before launch."
"Warehouse construction","Search | Warehouse Construction | Dubai","Warehouse Construction","warehouse builder dubai","Exact","Transactional","High","High","High (directional estimate)","https://emitronix.ae/warehouse-construction","P1","Paused - draft only","No","Classification is an estimate; validate volume, CPC and query fit in Keyword Planner before launch."
"Warehouse construction","Search | Warehouse Construction | Dubai","Warehouse Construction","warehouse builder dubai","Phrase","Transactional","High","High","High (directional estimate)","https://emitronix.ae/warehouse-construction","P1","Paused - draft only","No","Classification is an estimate; validate volume, CPC and query fit in Keyword Planner before launch."
"Warehouse construction","Search | Warehouse Construction | Dubai","Warehouse Construction","warehouse construction uae","Exact","Transactional","High","High","High (directional estimate)","https://emitronix.ae/warehouse-construction","P1","Paused - draft only","No","Classification is an estimate; validate volume, CPC and query fit in Keyword Planner before launch."
"Warehouse construction","Search | Warehouse Construction | Dubai","Warehouse Construction","warehouse construction uae","Phrase","Transactional","High","High","High (directional estimate)","https://emitronix.ae/warehouse-construction","P1","Paused - draft only","No","Classification is an estimate; validate volume, CPC and query fit in Keyword Planner before launch."
"Warehouse construction","Search | Warehouse Construction | Dubai","Warehouse Construction","logistics warehouse construction dubai","Exact","Transactional","High","High","High (directional estimate)","https://emitronix.ae/warehouse-construction","P1","Paused - draft only","No","Classification is an estimate; validate volume, CPC and query fit in Keyword Planner before launch."
"Warehouse construction","Search | Warehouse Construction | Dubai","Warehouse Construction","logistics warehouse construction dubai","Phrase","Transactional","High","High","High (directional estimate)","https://emitronix.ae/warehouse-construction","P1","Paused - draft only","No","Classification is an estimate; validate volume, CPC and query fit in Keyword Planner before launch."
"Warehouse contractors","Search | Warehouse Construction | Dubai","Warehouse Contractors","warehouse contractor dubai","Exact","Commercial investigation","High","High","High (directional estimate)","https://emitronix.ae/warehouse-construction","P1","Paused - draft only","No","Classification is an estimate; validate volume, CPC and query fit in Keyword Planner before launch. Landing-page alignment: use /warehouse-construction until a materially distinct contractor proposition is verified."
"Warehouse contractors","Search | Warehouse Construction | Dubai","Warehouse Contractors","warehouse contractor dubai","Phrase","Commercial investigation","High","High","High (directional estimate)","https://emitronix.ae/warehouse-construction","P1","Paused - draft only","No","Classification is an estimate; validate volume, CPC and query fit in Keyword Planner before launch. Landing-page alignment: use /warehouse-construction until a materially distinct contractor proposition is verified."
"Warehouse contractors","Search | Warehouse Construction | Dubai","Warehouse Contractors","warehouse contractors dubai","Exact","Commercial investigation","High","High","High (directional estimate)","https://emitronix.ae/warehouse-construction","P1","Paused - draft only","No","Classification is an estimate; validate volume, CPC and query fit in Keyword Planner before launch. Landing-page alignment: use /warehouse-construction until a materially distinct contractor proposition is verified."
"Warehouse contractors","Search | Warehouse Construction | Dubai","Warehouse Contractors","warehouse contractors dubai","Phrase","Commercial investigation","High","High","High (directional estimate)","https://emitronix.ae/warehouse-construction","P1","Paused - draft only","No","Classification is an estimate; validate volume, CPC and query fit in Keyword Planner before launch. Landing-page alignment: use /warehouse-construction until a materially distinct contractor proposition is verified."
"Warehouse contractors","Search | Warehouse Construction | Dubai","Warehouse Contractors","warehouse contracting company dubai","Exact","Commercial investigation","High","High","High (directional estimate)","https://emitronix.ae/warehouse-construction","P1","Paused - draft only","No","Classification is an estimate; validate volume, CPC and query fit in Keyword Planner before launch. Landing-page alignment: use /warehouse-construction until a materially distinct contractor proposition is verified."
"Warehouse contractors","Search | Warehouse Construction | Dubai","Warehouse Contractors","warehouse contracting company dubai","Phrase","Commercial investigation","High","High","High (directional estimate)","https://emitronix.ae/warehouse-construction","P1","Paused - draft only","No","Classification is an estimate; validate volume, CPC and query fit in Keyword Planner before launch. Landing-page alignment: use /warehouse-construction until a materially distinct contractor proposition is verified."
"Warehouse contractors","Search | Warehouse Construction | Dubai","Warehouse Contractors","warehouse building contractor dubai","Exact","Commercial investigation","High","High","High (directional estimate)","https://emitronix.ae/warehouse-construction","P1","Paused - draft only","No","Classification is an estimate; validate volume, CPC and query fit in Keyword Planner before launch. Landing-page alignment: use /warehouse-construction until a materially distinct contractor proposition is verified."
"Warehouse contractors","Search | Warehouse Construction | Dubai","Warehouse Contractors","warehouse building contractor dubai","Phrase","Commercial investigation","High","High","High (directional estimate)","https://emitronix.ae/warehouse-construction","P1","Paused - draft only","No","Classification is an estimate; validate volume, CPC and query fit in Keyword Planner before launch. Landing-page alignment: use /warehouse-construction until a materially distinct contractor proposition is verified."
"Warehouse contractors","Search | Warehouse Construction | Dubai","Warehouse Contractors","industrial warehouse contractor dubai","Exact","Commercial investigation","High","High","High (directional estimate)","https://emitronix.ae/warehouse-construction","P1","Paused - draft only","No","Classification is an estimate; validate volume, CPC and query fit in Keyword Planner before launch. Landing-page alignment: use /warehouse-construction until a materially distinct contractor proposition is verified."
"Warehouse contractors","Search | Warehouse Construction | Dubai","Warehouse Contractors","industrial warehouse contractor dubai","Phrase","Commercial investigation","High","High","High (directional estimate)","https://emitronix.ae/warehouse-construction","P1","Paused - draft only","No","Classification is an estimate; validate volume, CPC and query fit in Keyword Planner before launch. Landing-page alignment: use /warehouse-construction until a materially distinct contractor proposition is verified."
"Warehouse contractors","Search | Warehouse Construction | Dubai","Warehouse Contractors","warehouse contractor quotation","Exact","Commercial investigation","High","High","High (directional estimate)","https://emitronix.ae/warehouse-construction","P1","Paused - draft only","No","Classification is an estimate; validate volume, CPC and query fit in Keyword Planner before launch. Landing-page alignment: use /warehouse-construction until a materially distinct contractor proposition is verified."
"Warehouse contractors","Search | Warehouse Construction | Dubai","Warehouse Contractors","warehouse contractor quotation","Phrase","Commercial investigation","High","High","High (directional estimate)","https://emitronix.ae/warehouse-construction","P1","Paused - draft only","No","Classification is an estimate; validate volume, CPC and query fit in Keyword Planner before launch. Landing-page alignment: use /warehouse-construction until a materially distinct contractor proposition is verified."
"Warehouse contractors","Search | Warehouse Construction | Dubai","Warehouse Contractors","warehouse contractor near me","Exact","Commercial investigation","High","High","High (directional estimate)","https://emitronix.ae/warehouse-construction","P1","Paused - draft only","No","Classification is an estimate; validate volume, CPC and query fit in Keyword Planner before launch. Landing-page alignment: use /warehouse-construction until a materially distinct contractor proposition is verified."
"Warehouse contractors","Search | Warehouse Construction | Dubai","Warehouse Contractors","warehouse contractor near me","Phrase","Commercial investigation","High","High","High (directional estimate)","https://emitronix.ae/warehouse-construction","P1","Paused - draft only","No","Classification is an estimate; validate volume, CPC and query fit in Keyword Planner before launch. Landing-page alignment: use /warehouse-construction until a materially distinct contractor proposition is verified."
"Warehouse contractors","Search | Warehouse Construction | Dubai","Warehouse Contractors","warehouse construction specialist dubai","Exact","Commercial investigation","High","High","High (directional estimate)","https://emitronix.ae/warehouse-construction","P1","Paused - draft only","No","Classification is an estimate; validate volume, CPC and query fit in Keyword Planner before launch. Landing-page alignment: use /warehouse-construction until a materially distinct contractor proposition is verified."
"Warehouse contractors","Search | Warehouse Construction | Dubai","Warehouse Contractors","warehouse construction specialist dubai","Phrase","Commercial investigation","High","High","High (directional estimate)","https://emitronix.ae/warehouse-construction","P1","Paused - draft only","No","Classification is an estimate; validate volume, CPC and query fit in Keyword Planner before launch. Landing-page alignment: use /warehouse-construction until a materially distinct contractor proposition is verified."
"Warehouse modification","Search | Warehouse Construction | Dubai","Warehouse Modification","warehouse modification dubai","Exact","Transactional","High","High","Medium (directional estimate)","https://emitronix.ae/warehouse/warehouse-expansion","P1","Paused - draft only","No","Classification is an estimate; validate volume, CPC and query fit in Keyword Planner before launch. Launch prerequisite: rebuild /warehouse/warehouse-expansion for modification and expansion message match before paid traffic."
"Warehouse modification","Search | Warehouse Construction | Dubai","Warehouse Modification","warehouse modification dubai","Phrase","Transactional","High","High","Medium (directional estimate)","https://emitronix.ae/warehouse/warehouse-expansion","P1","Paused - draft only","No","Classification is an estimate; validate volume, CPC and query fit in Keyword Planner before launch. Launch prerequisite: rebuild /warehouse/warehouse-expansion for modification and expansion message match before paid traffic."
"Warehouse modification","Search | Warehouse Construction | Dubai","Warehouse Modification","warehouse modification contractor","Exact","Transactional","High","High","Medium (directional estimate)","https://emitronix.ae/warehouse/warehouse-expansion","P1","Paused - draft only","No","Classification is an estimate; validate volume, CPC and query fit in Keyword Planner before launch. Launch prerequisite: rebuild /warehouse/warehouse-expansion for modification and expansion message match before paid traffic."
"Warehouse modification","Search | Warehouse Construction | Dubai","Warehouse Modification","warehouse modification contractor","Phrase","Transactional","High","High","Medium (directional estimate)","https://emitronix.ae/warehouse/warehouse-expansion","P1","Paused - draft only","No","Classification is an estimate; validate volume, CPC and query fit in Keyword Planner before launch. Launch prerequisite: rebuild /warehouse/warehouse-expansion for modification and expansion message match before paid traffic."
"Warehouse modification","Search | Warehouse Construction | Dubai","Warehouse Modification","warehouse modification company dubai","Exact","Transactional","High","High","Medium (directional estimate)","https://emitronix.ae/warehouse/warehouse-expansion","P1","Paused - draft only","No","Classification is an estimate; validate volume, CPC and query fit in Keyword Planner before launch. Launch prerequisite: rebuild /warehouse/warehouse-expansion for modification and expansion message match before paid traffic."
"Warehouse modification","Search | Warehouse Construction | Dubai","Warehouse Modification","warehouse modification company dubai","Phrase","Transactional","High","High","Medium (directional estimate)","https://emitronix.ae/warehouse/warehouse-expansion","P1","Paused - draft only","No","Classification is an estimate; validate volume, CPC and query fit in Keyword Planner before launch. Launch prerequisite: rebuild /warehouse/warehouse-expansion for modification and expansion message match before paid traffic."
"Warehouse modification","Search | Warehouse Construction | Dubai","Warehouse Modification","industrial warehouse modification","Exact","Transactional","High","High","Medium (directional estimate)","https://emitronix.ae/warehouse/warehouse-expansion","P1","Paused - draft only","No","Classification is an estimate; validate volume, CPC and query fit in Keyword Planner before launch. Launch prerequisite: rebuild /warehouse/warehouse-expansion for modification and expansion message match before paid traffic."
"Warehouse modification","Search | Warehouse Construction | Dubai","Warehouse Modification","industrial warehouse modification","Phrase","Transactional","High","High","Medium (directional estimate)","https://emitronix.ae/warehouse/warehouse-expansion","P1","Paused - draft only","No","Classification is an estimate; validate volume, CPC and query fit in Keyword Planner before launch. Launch prerequisite: rebuild /warehouse/warehouse-expansion for modification and expansion message match before paid traffic."
"Warehouse modification","Search | Warehouse Construction | Dubai","Warehouse Modification","warehouse modification quotation","Exact","Transactional","High","High","Medium (directional estimate)","https://emitronix.ae/warehouse/warehouse-expansion","P1","Paused - draft only","No","Classification is an estimate; validate volume, CPC and query fit in Keyword Planner before launch. Launch prerequisite: rebuild /warehouse/warehouse-expansion for modification and expansion message match before paid traffic."
"Warehouse modification","Search | Warehouse Construction | Dubai","Warehouse Modification","warehouse modification quotation","Phrase","Transactional","High","High","Medium (directional estimate)","https://emitronix.ae/warehouse/warehouse-expansion","P1","Paused - draft only","No","Classification is an estimate; validate volume, CPC and query fit in Keyword Planner before launch. Launch prerequisite: rebuild /warehouse/warehouse-expansion for modification and expansion message match before paid traffic."
"Warehouse modification","Search | Warehouse Construction | Dubai","Warehouse Modification","warehouse modification cost dubai","Exact","Transactional","High","High","Medium (directional estimate)","https://emitronix.ae/warehouse/warehouse-expansion","P1","Paused - draft only","No","Classification is an estimate; validate volume, CPC and query fit in Keyword Planner before launch. Launch prerequisite: rebuild /warehouse/warehouse-expansion for modification and expansion message match before paid traffic."
"Warehouse modification","Search | Warehouse Construction | Dubai","Warehouse Modification","warehouse modification cost dubai","Phrase","Transactional","High","High","Medium (directional estimate)","https://emitronix.ae/warehouse/warehouse-expansion","P1","Paused - draft only","No","Classification is an estimate; validate volume, CPC and query fit in Keyword Planner before launch. Launch prerequisite: rebuild /warehouse/warehouse-expansion for modification and expansion message match before paid traffic."
"Warehouse modification","Search | Warehouse Construction | Dubai","Warehouse Modification","warehouse alteration contractor dubai","Exact","Transactional","High","High","Medium (directional estimate)","https://emitronix.ae/warehouse/warehouse-expansion","P1","Paused - draft only","No","Classification is an estimate; validate volume, CPC and query fit in Keyword Planner before launch. Launch prerequisite: rebuild /warehouse/warehouse-expansion for modification and expansion message match before paid traffic."
"Warehouse modification","Search | Warehouse Construction | Dubai","Warehouse Modification","warehouse alteration contractor dubai","Phrase","Transactional","High","High","Medium (directional estimate)","https://emitronix.ae/warehouse/warehouse-expansion","P1","Paused - draft only","No","Classification is an estimate; validate volume, CPC and query fit in Keyword Planner before launch. Launch prerequisite: rebuild /warehouse/warehouse-expansion for modification and expansion message match before paid traffic."
"Warehouse modification","Search | Warehouse Construction | Dubai","Warehouse Modification","warehouse modification approval dubai","Exact","Transactional","High","High","Medium (directional estimate)","https://emitronix.ae/warehouse/warehouse-expansion","P1","Paused - draft only","No","Classification is an estimate; validate volume, CPC and query fit in Keyword Planner before launch. Launch prerequisite: rebuild /warehouse/warehouse-expansion for modification and expansion message match before paid traffic."
"Warehouse modification","Search | Warehouse Construction | Dubai","Warehouse Modification","warehouse modification approval dubai","Phrase","Transactional","High","High","Medium (directional estimate)","https://emitronix.ae/warehouse/warehouse-expansion","P1","Paused - draft only","No","Classification is an estimate; validate volume, CPC and query fit in Keyword Planner before launch. Launch prerequisite: rebuild /warehouse/warehouse-expansion for modification and expansion message match before paid traffic."
"Warehouse extension","Search | Warehouse Construction | Dubai","Warehouse Expansion","warehouse extension dubai","Exact","Transactional","High","High","Medium (directional estimate)","https://emitronix.ae/warehouse/warehouse-expansion","P1","Paused - draft only","No","Classification is an estimate; validate volume, CPC and query fit in Keyword Planner before launch."
"Warehouse extension","Search | Warehouse Construction | Dubai","Warehouse Expansion","warehouse extension dubai","Phrase","Transactional","High","High","Medium (directional estimate)","https://emitronix.ae/warehouse/warehouse-expansion","P1","Paused - draft only","No","Classification is an estimate; validate volume, CPC and query fit in Keyword Planner before launch."
"Warehouse extension","Search | Warehouse Construction | Dubai","Warehouse Expansion","warehouse expansion contractor dubai","Exact","Transactional","High","High","Medium (directional estimate)","https://emitronix.ae/warehouse/warehouse-expansion","P1","Paused - draft only","No","Classification is an estimate; validate volume, CPC and query fit in Keyword Planner before launch."
"Warehouse extension","Search | Warehouse Construction | Dubai","Warehouse Expansion","warehouse expansion contractor dubai","Phrase","Transactional","High","High","Medium (directional estimate)","https://emitronix.ae/warehouse/warehouse-expansion","P1","Paused - draft only","No","Classification is an estimate; validate volume, CPC and query fit in Keyword Planner before launch."
"Warehouse extension","Search | Warehouse Construction | Dubai","Warehouse Expansion","warehouse extension contractor","Exact","Transactional","High","High","Medium (directional estimate)","https://emitronix.ae/warehouse/warehouse-expansion","P1","Paused - draft only","No","Classification is an estimate; validate volume, CPC and query fit in Keyword Planner before launch."
"Warehouse extension","Search | Warehouse Construction | Dubai","Warehouse Expansion","warehouse extension contractor","Phrase","Transactional","High","High","Medium (directional estimate)","https://emitronix.ae/warehouse/warehouse-expansion","P1","Paused - draft only","No","Classification is an estimate; validate volume, CPC and query fit in Keyword Planner before launch."
"Warehouse extension","Search | Warehouse Construction | Dubai","Warehouse Expansion","warehouse expansion company dubai","Exact","Transactional","High","High","Medium (directional estimate)","https://emitronix.ae/warehouse/warehouse-expansion","P1","Paused - draft only","No","Classification is an estimate; validate volume, CPC and query fit in Keyword Planner before launch."
"Warehouse extension","Search | Warehouse Construction | Dubai","Warehouse Expansion","warehouse expansion company dubai","Phrase","Transactional","High","High","Medium (directional estimate)","https://emitronix.ae/warehouse/warehouse-expansion","P1","Paused - draft only","No","Classification is an estimate; validate volume, CPC and query fit in Keyword Planner before launch."
"Warehouse extension","Search | Warehouse Construction | Dubai","Warehouse Expansion","warehouse extension cost dubai","Exact","Transactional","High","High","Medium (directional estimate)","https://emitronix.ae/warehouse/warehouse-expansion","P1","Paused - draft only","No","Classification is an estimate; validate volume, CPC and query fit in Keyword Planner before launch."
"Warehouse extension","Search | Warehouse Construction | Dubai","Warehouse Expansion","warehouse extension cost dubai","Phrase","Transactional","High","High","Medium (directional estimate)","https://emitronix.ae/warehouse/warehouse-expansion","P1","Paused - draft only","No","Classification is an estimate; validate volume, CPC and query fit in Keyword Planner before launch."
"Warehouse extension","Search | Warehouse Construction | Dubai","Warehouse Expansion","warehouse expansion quotation","Exact","Transactional","High","High","Medium (directional estimate)","https://emitronix.ae/warehouse/warehouse-expansion","P1","Paused - draft only","No","Classification is an estimate; validate volume, CPC and query fit in Keyword Planner before launch."
"Warehouse extension","Search | Warehouse Construction | Dubai","Warehouse Expansion","warehouse expansion quotation","Phrase","Transactional","High","High","Medium (directional estimate)","https://emitronix.ae/warehouse/warehouse-expansion","P1","Paused - draft only","No","Classification is an estimate; validate volume, CPC and query fit in Keyword Planner before launch."
"Industrial construction","Search | Warehouse Construction | Dubai","Industrial Warehouse","industrial construction company dubai","Exact","Commercial investigation","High","High","High (directional estimate)","https://emitronix.ae/warehouse-construction","P1","Paused - draft only","No","Classification is an estimate; validate volume, CPC and query fit in Keyword Planner before launch. Landing-page alignment: use /warehouse-construction until a materially distinct industrial-warehouse proposition is verified."
"Industrial construction","Search | Warehouse Construction | Dubai","Industrial Warehouse","industrial construction company dubai","Phrase","Commercial investigation","High","High","High (directional estimate)","https://emitronix.ae/warehouse-construction","P1","Paused - draft only","No","Classification is an estimate; validate volume, CPC and query fit in Keyword Planner before launch. Landing-page alignment: use /warehouse-construction until a materially distinct industrial-warehouse proposition is verified."
"Industrial construction","Search | Warehouse Construction | Dubai","Industrial Warehouse","industrial building contractor dubai","Exact","Commercial investigation","High","High","High (directional estimate)","https://emitronix.ae/warehouse-construction","P1","Paused - draft only","No","Classification is an estimate; validate volume, CPC and query fit in Keyword Planner before launch. Landing-page alignment: use /warehouse-construction until a materially distinct industrial-warehouse proposition is verified."
"Industrial construction","Search | Warehouse Construction | Dubai","Industrial Warehouse","industrial building contractor dubai","Phrase","Commercial investigation","High","High","High (directional estimate)","https://emitronix.ae/warehouse-construction","P1","Paused - draft only","No","Classification is an estimate; validate volume, CPC and query fit in Keyword Planner before launch. Landing-page alignment: use /warehouse-construction until a materially distinct industrial-warehouse proposition is verified."
"Industrial construction","Search | Warehouse Construction | Dubai","Industrial Warehouse","industrial building construction dubai","Exact","Commercial investigation","High","High","High (directional estimate)","https://emitronix.ae/warehouse-construction","P1","Paused - draft only","No","Classification is an estimate; validate volume, CPC and query fit in Keyword Planner before launch. Landing-page alignment: use /warehouse-construction until a materially distinct industrial-warehouse proposition is verified."
"Industrial construction","Search | Warehouse Construction | Dubai","Industrial Warehouse","industrial building construction dubai","Phrase","Commercial investigation","High","High","High (directional estimate)","https://emitronix.ae/warehouse-construction","P1","Paused - draft only","No","Classification is an estimate; validate volume, CPC and query fit in Keyword Planner before launch. Landing-page alignment: use /warehouse-construction until a materially distinct industrial-warehouse proposition is verified."
"Industrial construction","Search | Warehouse Construction | Dubai","Industrial Warehouse","industrial contractor uae","Exact","Commercial investigation","High","High","High (directional estimate)","https://emitronix.ae/warehouse-construction","P1","Paused - draft only","No","Classification is an estimate; validate volume, CPC and query fit in Keyword Planner before launch. Landing-page alignment: use /warehouse-construction until a materially distinct industrial-warehouse proposition is verified."
"Industrial construction","Search | Warehouse Construction | Dubai","Industrial Warehouse","industrial contractor uae","Phrase","Commercial investigation","High","High","High (directional estimate)","https://emitronix.ae/warehouse-construction","P1","Paused - draft only","No","Classification is an estimate; validate volume, CPC and query fit in Keyword Planner before launch. Landing-page alignment: use /warehouse-construction until a materially distinct industrial-warehouse proposition is verified."
"Industrial construction","Search | Warehouse Construction | Dubai","Industrial Warehouse","industrial construction quotation dubai","Exact","Commercial investigation","High","High","High (directional estimate)","https://emitronix.ae/warehouse-construction","P1","Paused - draft only","No","Classification is an estimate; validate volume, CPC and query fit in Keyword Planner before launch. Landing-page alignment: use /warehouse-construction until a materially distinct industrial-warehouse proposition is verified."
"Industrial construction","Search | Warehouse Construction | Dubai","Industrial Warehouse","industrial construction quotation dubai","Phrase","Commercial investigation","High","High","High (directional estimate)","https://emitronix.ae/warehouse-construction","P1","Paused - draft only","No","Classification is an estimate; validate volume, CPC and query fit in Keyword Planner before launch. Landing-page alignment: use /warehouse-construction until a materially distinct industrial-warehouse proposition is verified."
"Industrial construction","Search | Warehouse Construction | Dubai","Industrial Warehouse","industrial facility contractor dubai","Exact","Commercial investigation","High","High","High (directional estimate)","https://emitronix.ae/warehouse-construction","P1","Paused - draft only","No","Classification is an estimate; validate volume, CPC and query fit in Keyword Planner before launch. Landing-page alignment: use /warehouse-construction until a materially distinct industrial-warehouse proposition is verified."
"Industrial construction","Search | Warehouse Construction | Dubai","Industrial Warehouse","industrial facility contractor dubai","Phrase","Commercial investigation","High","High","High (directional estimate)","https://emitronix.ae/warehouse-construction","P1","Paused - draft only","No","Classification is an estimate; validate volume, CPC and query fit in Keyword Planner before launch. Landing-page alignment: use /warehouse-construction until a materially distinct industrial-warehouse proposition is verified."
"Industrial construction","Search | Warehouse Construction | Dubai","Industrial Warehouse","industrial construction company uae","Exact","Commercial investigation","High","High","High (directional estimate)","https://emitronix.ae/warehouse-construction","P1","Paused - draft only","No","Classification is an estimate; validate volume, CPC and query fit in Keyword Planner before launch. Landing-page alignment: use /warehouse-construction until a materially distinct industrial-warehouse proposition is verified."
"Industrial construction","Search | Warehouse Construction | Dubai","Industrial Warehouse","industrial construction company uae","Phrase","Commercial investigation","High","High","High (directional estimate)","https://emitronix.ae/warehouse-construction","P1","Paused - draft only","No","Classification is an estimate; validate volume, CPC and query fit in Keyword Planner before launch. Landing-page alignment: use /warehouse-construction until a materially distinct industrial-warehouse proposition is verified."
"Industrial construction","Search | Warehouse Construction | Dubai","Industrial Warehouse","industrial warehouse construction dubai","Exact","Commercial investigation","High","High","High (directional estimate)","https://emitronix.ae/warehouse-construction","P1","Paused - draft only","No","Classification is an estimate; validate volume, CPC and query fit in Keyword Planner before launch. Landing-page alignment: use /warehouse-construction until a materially distinct industrial-warehouse proposition is verified."
"Industrial construction","Search | Warehouse Construction | Dubai","Industrial Warehouse","industrial warehouse construction dubai","Phrase","Commercial investigation","High","High","High (directional estimate)","https://emitronix.ae/warehouse-construction","P1","Paused - draft only","No","Classification is an estimate; validate volume, CPC and query fit in Keyword Planner before launch. Landing-page alignment: use /warehouse-construction until a materially distinct industrial-warehouse proposition is verified."
"Factory construction","Search | Warehouse Construction | Dubai","Factory Construction","factory construction dubai","Exact","Transactional","High","High","High (directional estimate)","https://emitronix.ae/industrial-buildings","P1","Paused - draft only","No","Classification is an estimate; validate volume, CPC and query fit in Keyword Planner before launch. Landing-page alignment: use /industrial-buildings and improve the industrial/factory message before paid traffic."
"Factory construction","Search | Warehouse Construction | Dubai","Factory Construction","factory construction dubai","Phrase","Transactional","High","High","High (directional estimate)","https://emitronix.ae/industrial-buildings","P1","Paused - draft only","No","Classification is an estimate; validate volume, CPC and query fit in Keyword Planner before launch. Landing-page alignment: use /industrial-buildings and improve the industrial/factory message before paid traffic."
"Factory construction","Search | Warehouse Construction | Dubai","Factory Construction","factory construction company dubai","Exact","Transactional","High","High","High (directional estimate)","https://emitronix.ae/industrial-buildings","P1","Paused - draft only","No","Classification is an estimate; validate volume, CPC and query fit in Keyword Planner before launch. Landing-page alignment: use /industrial-buildings and improve the industrial/factory message before paid traffic."
"Factory construction","Search | Warehouse Construction | Dubai","Factory Construction","factory construction company dubai","Phrase","Transactional","High","High","High (directional estimate)","https://emitronix.ae/industrial-buildings","P1","Paused - draft only","No","Classification is an estimate; validate volume, CPC and query fit in Keyword Planner before launch. Landing-page alignment: use /industrial-buildings and improve the industrial/factory message before paid traffic."
"Factory construction","Search | Warehouse Construction | Dubai","Factory Construction","factory contractor dubai","Exact","Transactional","High","High","High (directional estimate)","https://emitronix.ae/industrial-buildings","P1","Paused - draft only","No","Classification is an estimate; validate volume, CPC and query fit in Keyword Planner before launch. Landing-page alignment: use /industrial-buildings and improve the industrial/factory message before paid traffic."
"Factory construction","Search | Warehouse Construction | Dubai","Factory Construction","factory contractor dubai","Phrase","Transactional","High","High","High (directional estimate)","https://emitronix.ae/industrial-buildings","P1","Paused - draft only","No","Classification is an estimate; validate volume, CPC and query fit in Keyword Planner before launch. Landing-page alignment: use /industrial-buildings and improve the industrial/factory message before paid traffic."
"Factory construction","Search | Warehouse Construction | Dubai","Factory Construction","factory modification contractor dubai","Exact","Transactional","High","High","High (directional estimate)","https://emitronix.ae/industrial-buildings","P1","Paused - draft only","No","Classification is an estimate; validate volume, CPC and query fit in Keyword Planner before launch. Landing-page alignment: use /industrial-buildings and improve the industrial/factory message before paid traffic."
"Factory construction","Search | Warehouse Construction | Dubai","Factory Construction","factory modification contractor dubai","Phrase","Transactional","High","High","High (directional estimate)","https://emitronix.ae/industrial-buildings","P1","Paused - draft only","No","Classification is an estimate; validate volume, CPC and query fit in Keyword Planner before launch. Landing-page alignment: use /industrial-buildings and improve the industrial/factory message before paid traffic."
"Factory construction","Search | Warehouse Construction | Dubai","Factory Construction","factory renovation company dubai","Exact","Transactional","High","High","High (directional estimate)","https://emitronix.ae/industrial-buildings","P1","Paused - draft only","No","Classification is an estimate; validate volume, CPC and query fit in Keyword Planner before launch. Landing-page alignment: use /industrial-buildings and improve the industrial/factory message before paid traffic."
"Factory construction","Search | Warehouse Construction | Dubai","Factory Construction","factory renovation company dubai","Phrase","Transactional","High","High","High (directional estimate)","https://emitronix.ae/industrial-buildings","P1","Paused - draft only","No","Classification is an estimate; validate volume, CPC and query fit in Keyword Planner before launch. Landing-page alignment: use /industrial-buildings and improve the industrial/factory message before paid traffic."
"Factory construction","Search | Warehouse Construction | Dubai","Factory Construction","factory construction quotation","Exact","Transactional","High","High","High (directional estimate)","https://emitronix.ae/industrial-buildings","P1","Paused - draft only","No","Classification is an estimate; validate volume, CPC and query fit in Keyword Planner before launch. Landing-page alignment: use /industrial-buildings and improve the industrial/factory message before paid traffic."
"Factory construction","Search | Warehouse Construction | Dubai","Factory Construction","factory construction quotation","Phrase","Transactional","High","High","High (directional estimate)","https://emitronix.ae/industrial-buildings","P1","Paused - draft only","No","Classification is an estimate; validate volume, CPC and query fit in Keyword Planner before launch. Landing-page alignment: use /industrial-buildings and improve the industrial/factory message before paid traffic."
"Factory construction","Search | Warehouse Construction | Dubai","Factory Construction","industrial factory contractor uae","Exact","Transactional","High","High","High (directional estimate)","https://emitronix.ae/industrial-buildings","P1","Paused - draft only","No","Classification is an estimate; validate volume, CPC and query fit in Keyword Planner before launch. Landing-page alignment: use /industrial-buildings and improve the industrial/factory message before paid traffic."
"Factory construction","Search | Warehouse Construction | Dubai","Factory Construction","industrial factory contractor uae","Phrase","Transactional","High","High","High (directional estimate)","https://emitronix.ae/industrial-buildings","P1","Paused - draft only","No","Classification is an estimate; validate volume, CPC and query fit in Keyword Planner before launch. Landing-page alignment: use /industrial-buildings and improve the industrial/factory message before paid traffic."
"Factory construction","Search | Warehouse Construction | Dubai","Factory Construction","factory construction cost dubai","Exact","Transactional","High","High","High (directional estimate)","https://emitronix.ae/industrial-buildings","P1","Paused - draft only","No","Classification is an estimate; validate volume, CPC and query fit in Keyword Planner before launch. Landing-page alignment: use /industrial-buildings and improve the industrial/factory message before paid traffic."
"Factory construction","Search | Warehouse Construction | Dubai","Factory Construction","factory construction cost dubai","Phrase","Transactional","High","High","High (directional estimate)","https://emitronix.ae/industrial-buildings","P1","Paused - draft only","No","Classification is an estimate; validate volume, CPC and query fit in Keyword Planner before launch. Landing-page alignment: use /industrial-buildings and improve the industrial/factory message before paid traffic."
"Warehouse civil works","Search | Warehouse Construction | Dubai","Warehouse Civil Works","warehouse civil works dubai","Exact","Transactional","High","High","Medium (directional estimate)","https://emitronix.ae/warehouse/warehouse-mep","P1","Paused - draft only","No","Classification is an estimate; validate volume, CPC and query fit in Keyword Planner before launch. Launch prerequisite: rebuild /warehouse/warehouse-mep as the integrated civil and MEP paid page."
"Warehouse civil works","Search | Warehouse Construction | Dubai","Warehouse Civil Works","warehouse civil works dubai","Phrase","Transactional","High","High","Medium (directional estimate)","https://emitronix.ae/warehouse/warehouse-mep","P1","Paused - draft only","No","Classification is an estimate; validate volume, CPC and query fit in Keyword Planner before launch. Launch prerequisite: rebuild /warehouse/warehouse-mep as the integrated civil and MEP paid page."
"Warehouse civil works","Search | Warehouse Construction | Dubai","Warehouse Civil Works","warehouse civil contractor dubai","Exact","Transactional","High","High","Medium (directional estimate)","https://emitronix.ae/warehouse/warehouse-mep","P1","Paused - draft only","No","Classification is an estimate; validate volume, CPC and query fit in Keyword Planner before launch. Launch prerequisite: rebuild /warehouse/warehouse-mep as the integrated civil and MEP paid page."
"Warehouse civil works","Search | Warehouse Construction | Dubai","Warehouse Civil Works","warehouse civil contractor dubai","Phrase","Transactional","High","High","Medium (directional estimate)","https://emitronix.ae/warehouse/warehouse-mep","P1","Paused - draft only","No","Classification is an estimate; validate volume, CPC and query fit in Keyword Planner before launch. Launch prerequisite: rebuild /warehouse/warehouse-mep as the integrated civil and MEP paid page."
"Warehouse civil works","Search | Warehouse Construction | Dubai","Warehouse Civil Works","warehouse concrete works dubai","Exact","Transactional","High","High","Medium (directional estimate)","https://emitronix.ae/warehouse/warehouse-mep","P1","Paused - draft only","No","Classification is an estimate; validate volume, CPC and query fit in Keyword Planner before launch. Launch prerequisite: rebuild /warehouse/warehouse-mep as the integrated civil and MEP paid page."
"Warehouse civil works","Search | Warehouse Construction | Dubai","Warehouse Civil Works","warehouse concrete works dubai","Phrase","Transactional","High","High","Medium (directional estimate)","https://emitronix.ae/warehouse/warehouse-mep","P1","Paused - draft only","No","Classification is an estimate; validate volume, CPC and query fit in Keyword Planner before launch. Launch prerequisite: rebuild /warehouse/warehouse-mep as the integrated civil and MEP paid page."
"Warehouse civil works","Search | Warehouse Construction | Dubai","Warehouse Civil Works","warehouse foundation contractor","Exact","Transactional","High","High","Medium (directional estimate)","https://emitronix.ae/warehouse/warehouse-mep","P1","Paused - draft only","No","Classification is an estimate; validate volume, CPC and query fit in Keyword Planner before launch. Launch prerequisite: rebuild /warehouse/warehouse-mep as the integrated civil and MEP paid page."
"Warehouse civil works","Search | Warehouse Construction | Dubai","Warehouse Civil Works","warehouse foundation contractor","Phrase","Transactional","High","High","Medium (directional estimate)","https://emitronix.ae/warehouse/warehouse-mep","P1","Paused - draft only","No","Classification is an estimate; validate volume, CPC and query fit in Keyword Planner before launch. Launch prerequisite: rebuild /warehouse/warehouse-mep as the integrated civil and MEP paid page."
"Warehouse civil works","Search | Warehouse Construction | Dubai","Warehouse Civil Works","warehouse flooring contractor dubai","Exact","Transactional","High","High","Medium (directional estimate)","https://emitronix.ae/warehouse/warehouse-mep","P1","Paused - draft only","No","Classification is an estimate; validate volume, CPC and query fit in Keyword Planner before launch. Launch prerequisite: rebuild /warehouse/warehouse-mep as the integrated civil and MEP paid page."
"Warehouse civil works","Search | Warehouse Construction | Dubai","Warehouse Civil Works","warehouse flooring contractor dubai","Phrase","Transactional","High","High","Medium (directional estimate)","https://emitronix.ae/warehouse/warehouse-mep","P1","Paused - draft only","No","Classification is an estimate; validate volume, CPC and query fit in Keyword Planner before launch. Launch prerequisite: rebuild /warehouse/warehouse-mep as the integrated civil and MEP paid page."
"Warehouse civil works","Search | Warehouse Construction | Dubai","Warehouse Civil Works","warehouse civil works quotation","Exact","Transactional","High","High","Medium (directional estimate)","https://emitronix.ae/warehouse/warehouse-mep","P1","Paused - draft only","No","Classification is an estimate; validate volume, CPC and query fit in Keyword Planner before launch. Launch prerequisite: rebuild /warehouse/warehouse-mep as the integrated civil and MEP paid page."
"Warehouse civil works","Search | Warehouse Construction | Dubai","Warehouse Civil Works","warehouse civil works quotation","Phrase","Transactional","High","High","Medium (directional estimate)","https://emitronix.ae/warehouse/warehouse-mep","P1","Paused - draft only","No","Classification is an estimate; validate volume, CPC and query fit in Keyword Planner before launch. Launch prerequisite: rebuild /warehouse/warehouse-mep as the integrated civil and MEP paid page."
"Warehouse MEP works","Search | Warehouse Construction | Dubai","Warehouse MEP Works","warehouse mep works dubai","Exact","Transactional","High","High","Medium (directional estimate)","https://emitronix.ae/warehouse/warehouse-mep","P1","Paused - draft only","No","Classification is an estimate; validate volume, CPC and query fit in Keyword Planner before launch. Launch prerequisite: rebuild /warehouse/warehouse-mep as the integrated civil and MEP paid page."
"Warehouse MEP works","Search | Warehouse Construction | Dubai","Warehouse MEP Works","warehouse mep works dubai","Phrase","Transactional","High","High","Medium (directional estimate)","https://emitronix.ae/warehouse/warehouse-mep","P1","Paused - draft only","No","Classification is an estimate; validate volume, CPC and query fit in Keyword Planner before launch. Launch prerequisite: rebuild /warehouse/warehouse-mep as the integrated civil and MEP paid page."
"Warehouse MEP works","Search | Warehouse Construction | Dubai","Warehouse MEP Works","warehouse mep contractor dubai","Exact","Transactional","High","High","Medium (directional estimate)","https://emitronix.ae/warehouse/warehouse-mep","P1","Paused - draft only","No","Classification is an estimate; validate volume, CPC and query fit in Keyword Planner before launch. Launch prerequisite: rebuild /warehouse/warehouse-mep as the integrated civil and MEP paid page."
"Warehouse MEP works","Search | Warehouse Construction | Dubai","Warehouse MEP Works","warehouse mep contractor dubai","Phrase","Transactional","High","High","Medium (directional estimate)","https://emitronix.ae/warehouse/warehouse-mep","P1","Paused - draft only","No","Classification is an estimate; validate volume, CPC and query fit in Keyword Planner before launch. Launch prerequisite: rebuild /warehouse/warehouse-mep as the integrated civil and MEP paid page."
"Warehouse MEP works","Search | Warehouse Construction | Dubai","Warehouse MEP Works","warehouse mep company dubai","Exact","Transactional","High","High","Medium (directional estimate)","https://emitronix.ae/warehouse/warehouse-mep","P1","Paused - draft only","No","Classification is an estimate; validate volume, CPC and query fit in Keyword Planner before launch. Launch prerequisite: rebuild /warehouse/warehouse-mep as the integrated civil and MEP paid page."
"Warehouse MEP works","Search | Warehouse Construction | Dubai","Warehouse MEP Works","warehouse mep company dubai","Phrase","Transactional","High","High","Medium (directional estimate)","https://emitronix.ae/warehouse/warehouse-mep","P1","Paused - draft only","No","Classification is an estimate; validate volume, CPC and query fit in Keyword Planner before launch. Launch prerequisite: rebuild /warehouse/warehouse-mep as the integrated civil and MEP paid page."
"Warehouse MEP works","Search | Warehouse Construction | Dubai","Warehouse MEP Works","warehouse electrical works dubai","Exact","Transactional","High","High","Medium (directional estimate)","https://emitronix.ae/warehouse/warehouse-mep","P1","Paused - draft only","No","Classification is an estimate; validate volume, CPC and query fit in Keyword Planner before launch. Launch prerequisite: rebuild /warehouse/warehouse-mep as the integrated civil and MEP paid page."
"Warehouse MEP works","Search | Warehouse Construction | Dubai","Warehouse MEP Works","warehouse electrical works dubai","Phrase","Transactional","High","High","Medium (directional estimate)","https://emitronix.ae/warehouse/warehouse-mep","P1","Paused - draft only","No","Classification is an estimate; validate volume, CPC and query fit in Keyword Planner before launch. Launch prerequisite: rebuild /warehouse/warehouse-mep as the integrated civil and MEP paid page."
"Warehouse MEP works","Search | Warehouse Construction | Dubai","Warehouse MEP Works","warehouse plumbing works dubai","Exact","Transactional","High","High","Medium (directional estimate)","https://emitronix.ae/warehouse/warehouse-mep","P1","Paused - draft only","No","Classification is an estimate; validate volume, CPC and query fit in Keyword Planner before launch. Launch prerequisite: rebuild /warehouse/warehouse-mep as the integrated civil and MEP paid page."
"Warehouse MEP works","Search | Warehouse Construction | Dubai","Warehouse MEP Works","warehouse plumbing works dubai","Phrase","Transactional","High","High","Medium (directional estimate)","https://emitronix.ae/warehouse/warehouse-mep","P1","Paused - draft only","No","Classification is an estimate; validate volume, CPC and query fit in Keyword Planner before launch. Launch prerequisite: rebuild /warehouse/warehouse-mep as the integrated civil and MEP paid page."
"Warehouse MEP works","Search | Warehouse Construction | Dubai","Warehouse MEP Works","warehouse hvac contractor dubai","Exact","Transactional","High","High","Medium (directional estimate)","https://emitronix.ae/warehouse/warehouse-mep","P1","Paused - draft only","No","Classification is an estimate; validate volume, CPC and query fit in Keyword Planner before launch. Launch prerequisite: rebuild /warehouse/warehouse-mep as the integrated civil and MEP paid page."
"Warehouse MEP works","Search | Warehouse Construction | Dubai","Warehouse MEP Works","warehouse hvac contractor dubai","Phrase","Transactional","High","High","Medium (directional estimate)","https://emitronix.ae/warehouse/warehouse-mep","P1","Paused - draft only","No","Classification is an estimate; validate volume, CPC and query fit in Keyword Planner before launch. Launch prerequisite: rebuild /warehouse/warehouse-mep as the integrated civil and MEP paid page."
"Warehouse MEP works","Search | Warehouse Construction | Dubai","Warehouse MEP Works","warehouse mep quotation","Exact","Transactional","High","High","Medium (directional estimate)","https://emitronix.ae/warehouse/warehouse-mep","P1","Paused - draft only","No","Classification is an estimate; validate volume, CPC and query fit in Keyword Planner before launch. Launch prerequisite: rebuild /warehouse/warehouse-mep as the integrated civil and MEP paid page."
"Warehouse MEP works","Search | Warehouse Construction | Dubai","Warehouse MEP Works","warehouse mep quotation","Phrase","Transactional","High","High","Medium (directional estimate)","https://emitronix.ae/warehouse/warehouse-mep","P1","Paused - draft only","No","Classification is an estimate; validate volume, CPC and query fit in Keyword Planner before launch. Launch prerequisite: rebuild /warehouse/warehouse-mep as the integrated civil and MEP paid page."
"Warehouse MEP works","Search | Warehouse Construction | Dubai","Warehouse MEP Works","warehouse fire system coordination","Exact","Transactional","High","High","Medium (directional estimate)","https://emitronix.ae/warehouse/warehouse-mep","P1","Paused - draft only","No","Classification is an estimate; validate volume, CPC and query fit in Keyword Planner before launch. Launch prerequisite: rebuild /warehouse/warehouse-mep as the integrated civil and MEP paid page."
"Warehouse MEP works","Search | Warehouse Construction | Dubai","Warehouse MEP Works","warehouse fire system coordination","Phrase","Transactional","High","High","Medium (directional estimate)","https://emitronix.ae/warehouse/warehouse-mep","P1","Paused - draft only","No","Classification is an estimate; validate volume, CPC and query fit in Keyword Planner before launch. Launch prerequisite: rebuild /warehouse/warehouse-mep as the integrated civil and MEP paid page."
"Warehouse fit-out","Search | Warehouse Construction | Dubai","Warehouse Modification","warehouse fit out dubai","Exact","Transactional","High","High","Medium (directional estimate)","https://emitronix.ae/warehouse/warehouse-expansion","P2","Paused - draft only","No","Classification is an estimate; validate volume, CPC and query fit in Keyword Planner before launch. Launch prerequisite: rebuild /warehouse/warehouse-expansion for modification and expansion message match before paid traffic."
"Warehouse fit-out","Search | Warehouse Construction | Dubai","Warehouse Modification","warehouse fit out dubai","Phrase","Transactional","High","High","Medium (directional estimate)","https://emitronix.ae/warehouse/warehouse-expansion","P2","Paused - draft only","No","Classification is an estimate; validate volume, CPC and query fit in Keyword Planner before launch. Launch prerequisite: rebuild /warehouse/warehouse-expansion for modification and expansion message match before paid traffic."
"Warehouse fit-out","Search | Warehouse Construction | Dubai","Warehouse Modification","warehouse fit out contractor","Exact","Transactional","High","High","Medium (directional estimate)","https://emitronix.ae/warehouse/warehouse-expansion","P2","Paused - draft only","No","Classification is an estimate; validate volume, CPC and query fit in Keyword Planner before launch. Launch prerequisite: rebuild /warehouse/warehouse-expansion for modification and expansion message match before paid traffic."
"Warehouse fit-out","Search | Warehouse Construction | Dubai","Warehouse Modification","warehouse fit out contractor","Phrase","Transactional","High","High","Medium (directional estimate)","https://emitronix.ae/warehouse/warehouse-expansion","P2","Paused - draft only","No","Classification is an estimate; validate volume, CPC and query fit in Keyword Planner before launch. Launch prerequisite: rebuild /warehouse/warehouse-expansion for modification and expansion message match before paid traffic."
"Warehouse fit-out","Search | Warehouse Construction | Dubai","Warehouse Modification","warehouse fit out company dubai","Exact","Transactional","High","High","Medium (directional estimate)","https://emitronix.ae/warehouse/warehouse-expansion","P2","Paused - draft only","No","Classification is an estimate; validate volume, CPC and query fit in Keyword Planner before launch. Launch prerequisite: rebuild /warehouse/warehouse-expansion for modification and expansion message match before paid traffic."
"Warehouse fit-out","Search | Warehouse Construction | Dubai","Warehouse Modification","warehouse fit out company dubai","Phrase","Transactional","High","High","Medium (directional estimate)","https://emitronix.ae/warehouse/warehouse-expansion","P2","Paused - draft only","No","Classification is an estimate; validate volume, CPC and query fit in Keyword Planner before launch. Launch prerequisite: rebuild /warehouse/warehouse-expansion for modification and expansion message match before paid traffic."
"Warehouse fit-out","Search | Warehouse Construction | Dubai","Warehouse Modification","industrial warehouse fit out","Exact","Transactional","High","High","Medium (directional estimate)","https://emitronix.ae/warehouse/warehouse-expansion","P2","Paused - draft only","No","Classification is an estimate; validate volume, CPC and query fit in Keyword Planner before launch. Launch prerequisite: rebuild /warehouse/warehouse-expansion for modification and expansion message match before paid traffic."
"Warehouse fit-out","Search | Warehouse Construction | Dubai","Warehouse Modification","industrial warehouse fit out","Phrase","Transactional","High","High","Medium (directional estimate)","https://emitronix.ae/warehouse/warehouse-expansion","P2","Paused - draft only","No","Classification is an estimate; validate volume, CPC and query fit in Keyword Planner before launch. Launch prerequisite: rebuild /warehouse/warehouse-expansion for modification and expansion message match before paid traffic."
"Warehouse fit-out","Search | Warehouse Construction | Dubai","Warehouse Modification","warehouse office fit out dubai","Exact","Transactional","High","High","Medium (directional estimate)","https://emitronix.ae/warehouse/warehouse-expansion","P2","Paused - draft only","No","Classification is an estimate; validate volume, CPC and query fit in Keyword Planner before launch. Launch prerequisite: rebuild /warehouse/warehouse-expansion for modification and expansion message match before paid traffic."
"Warehouse fit-out","Search | Warehouse Construction | Dubai","Warehouse Modification","warehouse office fit out dubai","Phrase","Transactional","High","High","Medium (directional estimate)","https://emitronix.ae/warehouse/warehouse-expansion","P2","Paused - draft only","No","Classification is an estimate; validate volume, CPC and query fit in Keyword Planner before launch. Launch prerequisite: rebuild /warehouse/warehouse-expansion for modification and expansion message match before paid traffic."
"Warehouse fit-out","Search | Warehouse Construction | Dubai","Warehouse Modification","warehouse fit out quotation","Exact","Transactional","High","High","Medium (directional estimate)","https://emitronix.ae/warehouse/warehouse-expansion","P2","Paused - draft only","No","Classification is an estimate; validate volume, CPC and query fit in Keyword Planner before launch. Launch prerequisite: rebuild /warehouse/warehouse-expansion for modification and expansion message match before paid traffic."
"Warehouse fit-out","Search | Warehouse Construction | Dubai","Warehouse Modification","warehouse fit out quotation","Phrase","Transactional","High","High","Medium (directional estimate)","https://emitronix.ae/warehouse/warehouse-expansion","P2","Paused - draft only","No","Classification is an estimate; validate volume, CPC and query fit in Keyword Planner before launch. Launch prerequisite: rebuild /warehouse/warehouse-expansion for modification and expansion message match before paid traffic."
"Warehouse renovation","Search | Warehouse Construction | Dubai","Warehouse Modification","warehouse renovation dubai","Exact","Transactional","High","High","Medium (directional estimate)","https://emitronix.ae/warehouse/warehouse-expansion","P2","Paused - draft only","No","Classification is an estimate; validate volume, CPC and query fit in Keyword Planner before launch. Launch prerequisite: rebuild /warehouse/warehouse-expansion for modification and expansion message match before paid traffic."
"Warehouse renovation","Search | Warehouse Construction | Dubai","Warehouse Modification","warehouse renovation dubai","Phrase","Transactional","High","High","Medium (directional estimate)","https://emitronix.ae/warehouse/warehouse-expansion","P2","Paused - draft only","No","Classification is an estimate; validate volume, CPC and query fit in Keyword Planner before launch. Launch prerequisite: rebuild /warehouse/warehouse-expansion for modification and expansion message match before paid traffic."
"Warehouse renovation","Search | Warehouse Construction | Dubai","Warehouse Modification","warehouse renovation contractor","Exact","Transactional","High","High","Medium (directional estimate)","https://emitronix.ae/warehouse/warehouse-expansion","P2","Paused - draft only","No","Classification is an estimate; validate volume, CPC and query fit in Keyword Planner before launch. Launch prerequisite: rebuild /warehouse/warehouse-expansion for modification and expansion message match before paid traffic."
"Warehouse renovation","Search | Warehouse Construction | Dubai","Warehouse Modification","warehouse renovation contractor","Phrase","Transactional","High","High","Medium (directional estimate)","https://emitronix.ae/warehouse/warehouse-expansion","P2","Paused - draft only","No","Classification is an estimate; validate volume, CPC and query fit in Keyword Planner before launch. Launch prerequisite: rebuild /warehouse/warehouse-expansion for modification and expansion message match before paid traffic."
"Warehouse renovation","Search | Warehouse Construction | Dubai","Warehouse Modification","warehouse refurbishment company dubai","Exact","Transactional","High","High","Medium (directional estimate)","https://emitronix.ae/warehouse/warehouse-expansion","P2","Paused - draft only","No","Classification is an estimate; validate volume, CPC and query fit in Keyword Planner before launch. Launch prerequisite: rebuild /warehouse/warehouse-expansion for modification and expansion message match before paid traffic."
"Warehouse renovation","Search | Warehouse Construction | Dubai","Warehouse Modification","warehouse refurbishment company dubai","Phrase","Transactional","High","High","Medium (directional estimate)","https://emitronix.ae/warehouse/warehouse-expansion","P2","Paused - draft only","No","Classification is an estimate; validate volume, CPC and query fit in Keyword Planner before launch. Launch prerequisite: rebuild /warehouse/warehouse-expansion for modification and expansion message match before paid traffic."
"Warehouse renovation","Search | Warehouse Construction | Dubai","Warehouse Modification","industrial warehouse renovation","Exact","Transactional","High","High","Medium (directional estimate)","https://emitronix.ae/warehouse/warehouse-expansion","P2","Paused - draft only","No","Classification is an estimate; validate volume, CPC and query fit in Keyword Planner before launch. Launch prerequisite: rebuild /warehouse/warehouse-expansion for modification and expansion message match before paid traffic."
"Warehouse renovation","Search | Warehouse Construction | Dubai","Warehouse Modification","industrial warehouse renovation","Phrase","Transactional","High","High","Medium (directional estimate)","https://emitronix.ae/warehouse/warehouse-expansion","P2","Paused - draft only","No","Classification is an estimate; validate volume, CPC and query fit in Keyword Planner before launch. Launch prerequisite: rebuild /warehouse/warehouse-expansion for modification and expansion message match before paid traffic."
"Warehouse renovation","Search | Warehouse Construction | Dubai","Warehouse Modification","warehouse renovation quotation","Exact","Transactional","High","High","Medium (directional estimate)","https://emitronix.ae/warehouse/warehouse-expansion","P2","Paused - draft only","No","Classification is an estimate; validate volume, CPC and query fit in Keyword Planner before launch. Launch prerequisite: rebuild /warehouse/warehouse-expansion for modification and expansion message match before paid traffic."
"Warehouse renovation","Search | Warehouse Construction | Dubai","Warehouse Modification","warehouse renovation quotation","Phrase","Transactional","High","High","Medium (directional estimate)","https://emitronix.ae/warehouse/warehouse-expansion","P2","Paused - draft only","No","Classification is an estimate; validate volume, CPC and query fit in Keyword Planner before launch. Launch prerequisite: rebuild /warehouse/warehouse-expansion for modification and expansion message match before paid traffic."
"Warehouse renovation","Search | Warehouse Construction | Dubai","Warehouse Modification","warehouse renovation cost dubai","Exact","Transactional","High","High","Medium (directional estimate)","https://emitronix.ae/warehouse/warehouse-expansion","P2","Paused - draft only","No","Classification is an estimate; validate volume, CPC and query fit in Keyword Planner before launch. Launch prerequisite: rebuild /warehouse/warehouse-expansion for modification and expansion message match before paid traffic."
"Warehouse renovation","Search | Warehouse Construction | Dubai","Warehouse Modification","warehouse renovation cost dubai","Phrase","Transactional","High","High","Medium (directional estimate)","https://emitronix.ae/warehouse/warehouse-expansion","P2","Paused - draft only","No","Classification is an estimate; validate volume, CPC and query fit in Keyword Planner before launch. Launch prerequisite: rebuild /warehouse/warehouse-expansion for modification and expansion message match before paid traffic."
"Warehouse authority approvals","Search | Authority Approvals | Dubai","Building Permit Approval","warehouse authority approvals dubai","Exact","Transactional","High","High","Medium (directional estimate)","https://emitronix.ae/dubai-municipality-approval","P1","Paused - draft only","No","Classification is an estimate; validate volume, CPC and query fit in Keyword Planner before launch."
"Warehouse authority approvals","Search | Authority Approvals | Dubai","Building Permit Approval","warehouse authority approvals dubai","Phrase","Transactional","High","High","Medium (directional estimate)","https://emitronix.ae/dubai-municipality-approval","P1","Paused - draft only","No","Classification is an estimate; validate volume, CPC and query fit in Keyword Planner before launch."
"Warehouse authority approvals","Search | Authority Approvals | Dubai","Building Permit Approval","warehouse approval service dubai","Exact","Transactional","High","High","Medium (directional estimate)","https://emitronix.ae/dubai-municipality-approval","P1","Paused - draft only","No","Classification is an estimate; validate volume, CPC and query fit in Keyword Planner before launch."
"Warehouse authority approvals","Search | Authority Approvals | Dubai","Building Permit Approval","warehouse approval service dubai","Phrase","Transactional","High","High","Medium (directional estimate)","https://emitronix.ae/dubai-municipality-approval","P1","Paused - draft only","No","Classification is an estimate; validate volume, CPC and query fit in Keyword Planner before launch."
"Warehouse authority approvals","Search | Authority Approvals | Dubai","Building Permit Approval","warehouse permit approval dubai","Exact","Transactional","High","High","Medium (directional estimate)","https://emitronix.ae/dubai-municipality-approval","P1","Paused - draft only","No","Classification is an estimate; validate volume, CPC and query fit in Keyword Planner before launch."
"Warehouse authority approvals","Search | Authority Approvals | Dubai","Building Permit Approval","warehouse permit approval dubai","Phrase","Transactional","High","High","Medium (directional estimate)","https://emitronix.ae/dubai-municipality-approval","P1","Paused - draft only","No","Classification is an estimate; validate volume, CPC and query fit in Keyword Planner before launch."
"Warehouse authority approvals","Search | Authority Approvals | Dubai","Building Permit Approval","warehouse modification permit dubai","Exact","Transactional","High","High","Medium (directional estimate)","https://emitronix.ae/dubai-municipality-approval","P1","Paused - draft only","No","Classification is an estimate; validate volume, CPC and query fit in Keyword Planner before launch."
"Warehouse authority approvals","Search | Authority Approvals | Dubai","Building Permit Approval","warehouse modification permit dubai","Phrase","Transactional","High","High","Medium (directional estimate)","https://emitronix.ae/dubai-municipality-approval","P1","Paused - draft only","No","Classification is an estimate; validate volume, CPC and query fit in Keyword Planner before launch."
"Warehouse authority approvals","Search | Authority Approvals | Dubai","Building Permit Approval","warehouse approval support uae","Exact","Transactional","High","High","Medium (directional estimate)","https://emitronix.ae/dubai-municipality-approval","P1","Paused - draft only","No","Classification is an estimate; validate volume, CPC and query fit in Keyword Planner before launch."
"Warehouse authority approvals","Search | Authority Approvals | Dubai","Building Permit Approval","warehouse approval support uae","Phrase","Transactional","High","High","Medium (directional estimate)","https://emitronix.ae/dubai-municipality-approval","P1","Paused - draft only","No","Classification is an estimate; validate volume, CPC and query fit in Keyword Planner before launch."
"Warehouse authority approvals","Search | Authority Approvals | Dubai","Building Permit Approval","warehouse drawings approval dubai","Exact","Transactional","High","High","Medium (directional estimate)","https://emitronix.ae/dubai-municipality-approval","P1","Paused - draft only","No","Classification is an estimate; validate volume, CPC and query fit in Keyword Planner before launch."
"Warehouse authority approvals","Search | Authority Approvals | Dubai","Building Permit Approval","warehouse drawings approval dubai","Phrase","Transactional","High","High","Medium (directional estimate)","https://emitronix.ae/dubai-municipality-approval","P1","Paused - draft only","No","Classification is an estimate; validate volume, CPC and query fit in Keyword Planner before launch."
"Warehouse authority approvals","Search | Authority Approvals | Dubai","Building Permit Approval","warehouse approval specialist dubai","Exact","Transactional","High","High","Medium (directional estimate)","https://emitronix.ae/dubai-municipality-approval","P1","Paused - draft only","No","Classification is an estimate; validate volume, CPC and query fit in Keyword Planner before launch."
"Warehouse authority approvals","Search | Authority Approvals | Dubai","Building Permit Approval","warehouse approval specialist dubai","Phrase","Transactional","High","High","Medium (directional estimate)","https://emitronix.ae/dubai-municipality-approval","P1","Paused - draft only","No","Classification is an estimate; validate volume, CPC and query fit in Keyword Planner before launch."
"Warehouse authority approvals","Search | Authority Approvals | Dubai","Building Permit Approval","warehouse authority consultant dubai","Exact","Transactional","High","High","Medium (directional estimate)","https://emitronix.ae/dubai-municipality-approval","P1","Paused - draft only","No","Classification is an estimate; validate volume, CPC and query fit in Keyword Planner before launch. Query uses consultant language; ad and landing page must clarify Emitronix's verified coordination/support role and appointment dependencies."
"Warehouse authority approvals","Search | Authority Approvals | Dubai","Building Permit Approval","warehouse authority consultant dubai","Phrase","Transactional","High","High","Medium (directional estimate)","https://emitronix.ae/dubai-municipality-approval","P1","Paused - draft only","No","Classification is an estimate; validate volume, CPC and query fit in Keyword Planner before launch. Query uses consultant language; ad and landing page must clarify Emitronix's verified coordination/support role and appointment dependencies."
"Dubai Municipality approval","Search | Authority Approvals | Dubai","Dubai Municipality Approval","dubai municipality approval service","Exact","Transactional","High","High","High (directional estimate)","https://emitronix.ae/dubai-municipality-approval","P1","Paused - draft only","No","Classification is an estimate; validate volume, CPC and query fit in Keyword Planner before launch."
"Dubai Municipality approval","Search | Authority Approvals | Dubai","Dubai Municipality Approval","dubai municipality approval service","Phrase","Transactional","High","High","High (directional estimate)","https://emitronix.ae/dubai-municipality-approval","P1","Paused - draft only","No","Classification is an estimate; validate volume, CPC and query fit in Keyword Planner before launch."
"Dubai Municipality approval","Search | Authority Approvals | Dubai","Dubai Municipality Approval","dubai municipality approval company","Exact","Transactional","High","High","High (directional estimate)","https://emitronix.ae/dubai-municipality-approval","P1","Paused - draft only","No","Classification is an estimate; validate volume, CPC and query fit in Keyword Planner before launch."
"Dubai Municipality approval","Search | Authority Approvals | Dubai","Dubai Municipality Approval","dubai municipality approval company","Phrase","Transactional","High","High","High (directional estimate)","https://emitronix.ae/dubai-municipality-approval","P1","Paused - draft only","No","Classification is an estimate; validate volume, CPC and query fit in Keyword Planner before launch."
"Dubai Municipality approval","Search | Authority Approvals | Dubai","Dubai Municipality Approval","dm approval dubai","Exact","Transactional","High","High","High (directional estimate)","https://emitronix.ae/dubai-municipality-approval","P1","Paused - draft only","No","Classification is an estimate; validate volume, CPC and query fit in Keyword Planner before launch."
"Dubai Municipality approval","Search | Authority Approvals | Dubai","Dubai Municipality Approval","dm approval dubai","Phrase","Transactional","High","High","High (directional estimate)","https://emitronix.ae/dubai-municipality-approval","P1","Paused - draft only","No","Classification is an estimate; validate volume, CPC and query fit in Keyword Planner before launch."
"Dubai Municipality approval","Search | Authority Approvals | Dubai","Dubai Municipality Approval","dm approval service","Exact","Transactional","High","High","High (directional estimate)","https://emitronix.ae/dubai-municipality-approval","P1","Paused - draft only","No","Classification is an estimate; validate volume, CPC and query fit in Keyword Planner before launch."
"Dubai Municipality approval","Search | Authority Approvals | Dubai","Dubai Municipality Approval","dm approval service","Phrase","Transactional","High","High","High (directional estimate)","https://emitronix.ae/dubai-municipality-approval","P1","Paused - draft only","No","Classification is an estimate; validate volume, CPC and query fit in Keyword Planner before launch."
"Dubai Municipality approval","Search | Authority Approvals | Dubai","Dubai Municipality Approval","dubai municipality building approval","Exact","Transactional","High","High","High (directional estimate)","https://emitronix.ae/dubai-municipality-approval","P1","Paused - draft only","No","Classification is an estimate; validate volume, CPC and query fit in Keyword Planner before launch."
"Dubai Municipality approval","Search | Authority Approvals | Dubai","Dubai Municipality Approval","dubai municipality building approval","Phrase","Transactional","High","High","High (directional estimate)","https://emitronix.ae/dubai-municipality-approval","P1","Paused - draft only","No","Classification is an estimate; validate volume, CPC and query fit in Keyword Planner before launch."
"Dubai Municipality approval","Search | Authority Approvals | Dubai","Dubai Municipality Approval","dubai municipality drawing approval","Exact","Transactional","High","High","High (directional estimate)","https://emitronix.ae/dubai-municipality-approval","P1","Paused - draft only","No","Classification is an estimate; validate volume, CPC and query fit in Keyword Planner before launch."
"Dubai Municipality approval","Search | Authority Approvals | Dubai","Dubai Municipality Approval","dubai municipality drawing approval","Phrase","Transactional","High","High","High (directional estimate)","https://emitronix.ae/dubai-municipality-approval","P1","Paused - draft only","No","Classification is an estimate; validate volume, CPC and query fit in Keyword Planner before launch."
"Dubai Municipality approval","Search | Authority Approvals | Dubai","Dubai Municipality Approval","municipality approval consultant dubai","Exact","Transactional","High","High","High (directional estimate)","https://emitronix.ae/dubai-municipality-approval","P1","Paused - draft only","No","Classification is an estimate; validate volume, CPC and query fit in Keyword Planner before launch. Query uses consultant language; ad and landing page must clarify Emitronix's verified coordination/support role and appointment dependencies."
"Dubai Municipality approval","Search | Authority Approvals | Dubai","Dubai Municipality Approval","municipality approval consultant dubai","Phrase","Transactional","High","High","High (directional estimate)","https://emitronix.ae/dubai-municipality-approval","P1","Paused - draft only","No","Classification is an estimate; validate volume, CPC and query fit in Keyword Planner before launch. Query uses consultant language; ad and landing page must clarify Emitronix's verified coordination/support role and appointment dependencies."
"Dubai Municipality approval","Search | Authority Approvals | Dubai","Dubai Municipality Approval","dm approval quotation","Exact","Transactional","High","High","High (directional estimate)","https://emitronix.ae/dubai-municipality-approval","P1","Paused - draft only","No","Classification is an estimate; validate volume, CPC and query fit in Keyword Planner before launch."
"Dubai Municipality approval","Search | Authority Approvals | Dubai","Dubai Municipality Approval","dm approval quotation","Phrase","Transactional","High","High","High (directional estimate)","https://emitronix.ae/dubai-municipality-approval","P1","Paused - draft only","No","Classification is an estimate; validate volume, CPC and query fit in Keyword Planner before launch."
"Dubai Civil Defence approval","Search | Authority Approvals | Dubai","Dubai Civil Defence Approval","dubai civil defence approval","Exact","Transactional","High","High","High (directional estimate)","https://emitronix.ae/dcd-approvals","P1","Paused - draft only","No","Classification is an estimate; validate volume, CPC and query fit in Keyword Planner before launch."
"Dubai Civil Defence approval","Search | Authority Approvals | Dubai","Dubai Civil Defence Approval","dubai civil defence approval","Phrase","Transactional","High","High","High (directional estimate)","https://emitronix.ae/dcd-approvals","P1","Paused - draft only","No","Classification is an estimate; validate volume, CPC and query fit in Keyword Planner before launch."
"Dubai Civil Defence approval","Search | Authority Approvals | Dubai","Dubai Civil Defence Approval","dcd approval service dubai","Exact","Transactional","High","High","High (directional estimate)","https://emitronix.ae/dcd-approvals","P1","Paused - draft only","No","Classification is an estimate; validate volume, CPC and query fit in Keyword Planner before launch."
"Dubai Civil Defence approval","Search | Authority Approvals | Dubai","Dubai Civil Defence Approval","dcd approval service dubai","Phrase","Transactional","High","High","High (directional estimate)","https://emitronix.ae/dcd-approvals","P1","Paused - draft only","No","Classification is an estimate; validate volume, CPC and query fit in Keyword Planner before launch."
"Dubai Civil Defence approval","Search | Authority Approvals | Dubai","Dubai Civil Defence Approval","civil defence approval company dubai","Exact","Transactional","High","High","High (directional estimate)","https://emitronix.ae/dcd-approvals","P1","Paused - draft only","No","Classification is an estimate; validate volume, CPC and query fit in Keyword Planner before launch."
"Dubai Civil Defence approval","Search | Authority Approvals | Dubai","Dubai Civil Defence Approval","civil defence approval company dubai","Phrase","Transactional","High","High","High (directional estimate)","https://emitronix.ae/dcd-approvals","P1","Paused - draft only","No","Classification is an estimate; validate volume, CPC and query fit in Keyword Planner before launch."
"Dubai Civil Defence approval","Search | Authority Approvals | Dubai","Dubai Civil Defence Approval","dcd drawing approval","Exact","Transactional","High","High","High (directional estimate)","https://emitronix.ae/dcd-approvals","P1","Paused - draft only","No","Classification is an estimate; validate volume, CPC and query fit in Keyword Planner before launch."
"Dubai Civil Defence approval","Search | Authority Approvals | Dubai","Dubai Civil Defence Approval","dcd drawing approval","Phrase","Transactional","High","High","High (directional estimate)","https://emitronix.ae/dcd-approvals","P1","Paused - draft only","No","Classification is an estimate; validate volume, CPC and query fit in Keyword Planner before launch."
"Dubai Civil Defence approval","Search | Authority Approvals | Dubai","Dubai Civil Defence Approval","civil defence warehouse approval","Exact","Transactional","High","High","High (directional estimate)","https://emitronix.ae/dcd-approvals","P1","Paused - draft only","No","Classification is an estimate; validate volume, CPC and query fit in Keyword Planner before launch."
"Dubai Civil Defence approval","Search | Authority Approvals | Dubai","Dubai Civil Defence Approval","civil defence warehouse approval","Phrase","Transactional","High","High","High (directional estimate)","https://emitronix.ae/dcd-approvals","P1","Paused - draft only","No","Classification is an estimate; validate volume, CPC and query fit in Keyword Planner before launch."
"Dubai Civil Defence approval","Search | Authority Approvals | Dubai","Dubai Civil Defence Approval","dcd approval consultant","Exact","Transactional","High","High","High (directional estimate)","https://emitronix.ae/dcd-approvals","P1","Paused - draft only","No","Classification is an estimate; validate volume, CPC and query fit in Keyword Planner before launch. Query uses consultant language; ad and landing page must clarify Emitronix's verified coordination/support role and appointment dependencies."
"Dubai Civil Defence approval","Search | Authority Approvals | Dubai","Dubai Civil Defence Approval","dcd approval consultant","Phrase","Transactional","High","High","High (directional estimate)","https://emitronix.ae/dcd-approvals","P1","Paused - draft only","No","Classification is an estimate; validate volume, CPC and query fit in Keyword Planner before launch. Query uses consultant language; ad and landing page must clarify Emitronix's verified coordination/support role and appointment dependencies."
"Dubai Civil Defence approval","Search | Authority Approvals | Dubai","Dubai Civil Defence Approval","fire safety approval dubai","Exact","Transactional","High","High","High (directional estimate)","https://emitronix.ae/dcd-approvals","P1","Paused - draft only","No","Classification is an estimate; validate volume, CPC and query fit in Keyword Planner before launch."
"Dubai Civil Defence approval","Search | Authority Approvals | Dubai","Dubai Civil Defence Approval","fire safety approval dubai","Phrase","Transactional","High","High","High (directional estimate)","https://emitronix.ae/dcd-approvals","P1","Paused - draft only","No","Classification is an estimate; validate volume, CPC and query fit in Keyword Planner before launch."
"Dubai Civil Defence approval","Search | Authority Approvals | Dubai","Dubai Civil Defence Approval","dcd approval quotation","Exact","Transactional","High","High","High (directional estimate)","https://emitronix.ae/dcd-approvals","P1","Paused - draft only","No","Classification is an estimate; validate volume, CPC and query fit in Keyword Planner before launch."
"Dubai Civil Defence approval","Search | Authority Approvals | Dubai","Dubai Civil Defence Approval","dcd approval quotation","Phrase","Transactional","High","High","High (directional estimate)","https://emitronix.ae/dcd-approvals","P1","Paused - draft only","No","Classification is an estimate; validate volume, CPC and query fit in Keyword Planner before launch."
"Trakhees approval","Search | Authority Approvals | Dubai","Trakhees Approval","trakhees approval dubai","Exact","Transactional","High","High","Medium (directional estimate)","https://emitronix.ae/trakhees-approvals","P1","Paused - draft only","No","Classification is an estimate; validate volume, CPC and query fit in Keyword Planner before launch."
"Trakhees approval","Search | Authority Approvals | Dubai","Trakhees Approval","trakhees approval dubai","Phrase","Transactional","High","High","Medium (directional estimate)","https://emitronix.ae/trakhees-approvals","P1","Paused - draft only","No","Classification is an estimate; validate volume, CPC and query fit in Keyword Planner before launch."
"Trakhees approval","Search | Authority Approvals | Dubai","Trakhees Approval","trakhees approval service","Exact","Transactional","High","High","Medium (directional estimate)","https://emitronix.ae/trakhees-approvals","P1","Paused - draft only","No","Classification is an estimate; validate volume, CPC and query fit in Keyword Planner before launch."
"Trakhees approval","Search | Authority Approvals | Dubai","Trakhees Approval","trakhees approval service","Phrase","Transactional","High","High","Medium (directional estimate)","https://emitronix.ae/trakhees-approvals","P1","Paused - draft only","No","Classification is an estimate; validate volume, CPC and query fit in Keyword Planner before launch."
"Trakhees approval","Search | Authority Approvals | Dubai","Trakhees Approval","trakhees permit approval","Exact","Transactional","High","High","Medium (directional estimate)","https://emitronix.ae/trakhees-approvals","P1","Paused - draft only","No","Classification is an estimate; validate volume, CPC and query fit in Keyword Planner before launch."
"Trakhees approval","Search | Authority Approvals | Dubai","Trakhees Approval","trakhees permit approval","Phrase","Transactional","High","High","Medium (directional estimate)","https://emitronix.ae/trakhees-approvals","P1","Paused - draft only","No","Classification is an estimate; validate volume, CPC and query fit in Keyword Planner before launch."
"Trakhees approval","Search | Authority Approvals | Dubai","Trakhees Approval","trakhees warehouse approval","Exact","Transactional","High","High","Medium (directional estimate)","https://emitronix.ae/trakhees-approvals","P1","Paused - draft only","No","Classification is an estimate; validate volume, CPC and query fit in Keyword Planner before launch."
"Trakhees approval","Search | Authority Approvals | Dubai","Trakhees Approval","trakhees warehouse approval","Phrase","Transactional","High","High","Medium (directional estimate)","https://emitronix.ae/trakhees-approvals","P1","Paused - draft only","No","Classification is an estimate; validate volume, CPC and query fit in Keyword Planner before launch."
"Trakhees approval","Search | Authority Approvals | Dubai","Trakhees Approval","trakhees drawing submission","Exact","Transactional","High","High","Medium (directional estimate)","https://emitronix.ae/trakhees-approvals","P1","Paused - draft only","No","Classification is an estimate; validate volume, CPC and query fit in Keyword Planner before launch."
"Trakhees approval","Search | Authority Approvals | Dubai","Trakhees Approval","trakhees drawing submission","Phrase","Transactional","High","High","Medium (directional estimate)","https://emitronix.ae/trakhees-approvals","P1","Paused - draft only","No","Classification is an estimate; validate volume, CPC and query fit in Keyword Planner before launch."
"Trakhees approval","Search | Authority Approvals | Dubai","Trakhees Approval","trakhees approval consultant","Exact","Transactional","High","High","Medium (directional estimate)","https://emitronix.ae/trakhees-approvals","P1","Paused - draft only","No","Classification is an estimate; validate volume, CPC and query fit in Keyword Planner before launch. Query uses consultant language; ad and landing page must clarify Emitronix's verified coordination/support role and appointment dependencies."
"Trakhees approval","Search | Authority Approvals | Dubai","Trakhees Approval","trakhees approval consultant","Phrase","Transactional","High","High","Medium (directional estimate)","https://emitronix.ae/trakhees-approvals","P1","Paused - draft only","No","Classification is an estimate; validate volume, CPC and query fit in Keyword Planner before launch. Query uses consultant language; ad and landing page must clarify Emitronix's verified coordination/support role and appointment dependencies."
"Trakhees approval","Search | Authority Approvals | Dubai","Trakhees Approval","trakhees approval company","Exact","Transactional","High","High","Medium (directional estimate)","https://emitronix.ae/trakhees-approvals","P1","Paused - draft only","No","Classification is an estimate; validate volume, CPC and query fit in Keyword Planner before launch."
"Trakhees approval","Search | Authority Approvals | Dubai","Trakhees Approval","trakhees approval company","Phrase","Transactional","High","High","Medium (directional estimate)","https://emitronix.ae/trakhees-approvals","P1","Paused - draft only","No","Classification is an estimate; validate volume, CPC and query fit in Keyword Planner before launch."
"Trakhees approval","Search | Authority Approvals | Dubai","Trakhees Approval","trakhees approval quotation","Exact","Transactional","High","High","Medium (directional estimate)","https://emitronix.ae/trakhees-approvals","P1","Paused - draft only","No","Classification is an estimate; validate volume, CPC and query fit in Keyword Planner before launch."
"Trakhees approval","Search | Authority Approvals | Dubai","Trakhees Approval","trakhees approval quotation","Phrase","Transactional","High","High","Medium (directional estimate)","https://emitronix.ae/trakhees-approvals","P1","Paused - draft only","No","Classification is an estimate; validate volume, CPC and query fit in Keyword Planner before launch."
"JAFZA approval","Search | Authority Approvals | Dubai","JAFZA Approval","jafza approval service","Exact","Transactional","High","High","Medium (directional estimate)","https://emitronix.ae/warehouse/warehouse-authority-approvals","P1","Paused - draft only","Yes - service scope, role and landing-page approval required","Classification is an estimate; validate volume, CPC and query fit in Keyword Planner before launch. LAUNCH HOLD: Placeholder URL only; no paid final URL is approved. Do not upload or activate until Emitronix verifies the authority-specific service scope and role, management/legal approve the wording, and the landing-page message is approved."
"JAFZA approval","Search | Authority Approvals | Dubai","JAFZA Approval","jafza approval service","Phrase","Transactional","High","High","Medium (directional estimate)","https://emitronix.ae/warehouse/warehouse-authority-approvals","P1","Paused - draft only","Yes - service scope, role and landing-page approval required","Classification is an estimate; validate volume, CPC and query fit in Keyword Planner before launch. LAUNCH HOLD: Placeholder URL only; no paid final URL is approved. Do not upload or activate until Emitronix verifies the authority-specific service scope and role, management/legal approve the wording, and the landing-page message is approved."
"JAFZA approval","Search | Authority Approvals | Dubai","JAFZA Approval","jafza warehouse approval","Exact","Transactional","High","High","Medium (directional estimate)","https://emitronix.ae/warehouse/warehouse-authority-approvals","P1","Paused - draft only","Yes - service scope, role and landing-page approval required","Classification is an estimate; validate volume, CPC and query fit in Keyword Planner before launch. LAUNCH HOLD: Placeholder URL only; no paid final URL is approved. Do not upload or activate until Emitronix verifies the authority-specific service scope and role, management/legal approve the wording, and the landing-page message is approved."
"JAFZA approval","Search | Authority Approvals | Dubai","JAFZA Approval","jafza warehouse approval","Phrase","Transactional","High","High","Medium (directional estimate)","https://emitronix.ae/warehouse/warehouse-authority-approvals","P1","Paused - draft only","Yes - service scope, role and landing-page approval required","Classification is an estimate; validate volume, CPC and query fit in Keyword Planner before launch. LAUNCH HOLD: Placeholder URL only; no paid final URL is approved. Do not upload or activate until Emitronix verifies the authority-specific service scope and role, management/legal approve the wording, and the landing-page message is approved."
"JAFZA approval","Search | Authority Approvals | Dubai","JAFZA Approval","jafza building permit","Exact","Transactional","High","High","Medium (directional estimate)","https://emitronix.ae/warehouse/warehouse-authority-approvals","P1","Paused - draft only","Yes - service scope, role and landing-page approval required","Classification is an estimate; validate volume, CPC and query fit in Keyword Planner before launch. LAUNCH HOLD: Placeholder URL only; no paid final URL is approved. Do not upload or activate until Emitronix verifies the authority-specific service scope and role, management/legal approve the wording, and the landing-page message is approved."
"JAFZA approval","Search | Authority Approvals | Dubai","JAFZA Approval","jafza building permit","Phrase","Transactional","High","High","Medium (directional estimate)","https://emitronix.ae/warehouse/warehouse-authority-approvals","P1","Paused - draft only","Yes - service scope, role and landing-page approval required","Classification is an estimate; validate volume, CPC and query fit in Keyword Planner before launch. LAUNCH HOLD: Placeholder URL only; no paid final URL is approved. Do not upload or activate until Emitronix verifies the authority-specific service scope and role, management/legal approve the wording, and the landing-page message is approved."
"JAFZA approval","Search | Authority Approvals | Dubai","JAFZA Approval","jafza drawing approval","Exact","Transactional","High","High","Medium (directional estimate)","https://emitronix.ae/warehouse/warehouse-authority-approvals","P1","Paused - draft only","Yes - service scope, role and landing-page approval required","Classification is an estimate; validate volume, CPC and query fit in Keyword Planner before launch. LAUNCH HOLD: Placeholder URL only; no paid final URL is approved. Do not upload or activate until Emitronix verifies the authority-specific service scope and role, management/legal approve the wording, and the landing-page message is approved."
"JAFZA approval","Search | Authority Approvals | Dubai","JAFZA Approval","jafza drawing approval","Phrase","Transactional","High","High","Medium (directional estimate)","https://emitronix.ae/warehouse/warehouse-authority-approvals","P1","Paused - draft only","Yes - service scope, role and landing-page approval required","Classification is an estimate; validate volume, CPC and query fit in Keyword Planner before launch. LAUNCH HOLD: Placeholder URL only; no paid final URL is approved. Do not upload or activate until Emitronix verifies the authority-specific service scope and role, management/legal approve the wording, and the landing-page message is approved."
"JAFZA approval","Search | Authority Approvals | Dubai","JAFZA Approval","jafza modification approval","Exact","Transactional","High","High","Medium (directional estimate)","https://emitronix.ae/warehouse/warehouse-authority-approvals","P1","Paused - draft only","Yes - service scope, role and landing-page approval required","Classification is an estimate; validate volume, CPC and query fit in Keyword Planner before launch. LAUNCH HOLD: Placeholder URL only; no paid final URL is approved. Do not upload or activate until Emitronix verifies the authority-specific service scope and role, management/legal approve the wording, and the landing-page message is approved."
"JAFZA approval","Search | Authority Approvals | Dubai","JAFZA Approval","jafza modification approval","Phrase","Transactional","High","High","Medium (directional estimate)","https://emitronix.ae/warehouse/warehouse-authority-approvals","P1","Paused - draft only","Yes - service scope, role and landing-page approval required","Classification is an estimate; validate volume, CPC and query fit in Keyword Planner before launch. LAUNCH HOLD: Placeholder URL only; no paid final URL is approved. Do not upload or activate until Emitronix verifies the authority-specific service scope and role, management/legal approve the wording, and the landing-page message is approved."
"JAFZA approval","Search | Authority Approvals | Dubai","JAFZA Approval","jafza approval consultant","Exact","Transactional","High","High","Medium (directional estimate)","https://emitronix.ae/warehouse/warehouse-authority-approvals","P1","Paused - draft only","Yes - service scope, role and landing-page approval required","Classification is an estimate; validate volume, CPC and query fit in Keyword Planner before launch. Query uses consultant language; ad and landing page must clarify Emitronix's verified coordination/support role and appointment dependencies. LAUNCH HOLD: Placeholder URL only; no paid final URL is approved. Do not upload or activate until Emitronix verifies the authority-specific service scope and role, management/legal approve the wording, and the landing-page message is approved."
"JAFZA approval","Search | Authority Approvals | Dubai","JAFZA Approval","jafza approval consultant","Phrase","Transactional","High","High","Medium (directional estimate)","https://emitronix.ae/warehouse/warehouse-authority-approvals","P1","Paused - draft only","Yes - service scope, role and landing-page approval required","Classification is an estimate; validate volume, CPC and query fit in Keyword Planner before launch. Query uses consultant language; ad and landing page must clarify Emitronix's verified coordination/support role and appointment dependencies. LAUNCH HOLD: Placeholder URL only; no paid final URL is approved. Do not upload or activate until Emitronix verifies the authority-specific service scope and role, management/legal approve the wording, and the landing-page message is approved."
"JAFZA approval","Search | Authority Approvals | Dubai","JAFZA Approval","jafza approval company","Exact","Transactional","High","High","Medium (directional estimate)","https://emitronix.ae/warehouse/warehouse-authority-approvals","P1","Paused - draft only","Yes - service scope, role and landing-page approval required","Classification is an estimate; validate volume, CPC and query fit in Keyword Planner before launch. LAUNCH HOLD: Placeholder URL only; no paid final URL is approved. Do not upload or activate until Emitronix verifies the authority-specific service scope and role, management/legal approve the wording, and the landing-page message is approved."
"JAFZA approval","Search | Authority Approvals | Dubai","JAFZA Approval","jafza approval company","Phrase","Transactional","High","High","Medium (directional estimate)","https://emitronix.ae/warehouse/warehouse-authority-approvals","P1","Paused - draft only","Yes - service scope, role and landing-page approval required","Classification is an estimate; validate volume, CPC and query fit in Keyword Planner before launch. LAUNCH HOLD: Placeholder URL only; no paid final URL is approved. Do not upload or activate until Emitronix verifies the authority-specific service scope and role, management/legal approve the wording, and the landing-page message is approved."
"JAFZA approval","Search | Authority Approvals | Dubai","JAFZA Approval","jafza permit support","Exact","Transactional","High","High","Medium (directional estimate)","https://emitronix.ae/warehouse/warehouse-authority-approvals","P1","Paused - draft only","Yes - service scope, role and landing-page approval required","Classification is an estimate; validate volume, CPC and query fit in Keyword Planner before launch. LAUNCH HOLD: Placeholder URL only; no paid final URL is approved. Do not upload or activate until Emitronix verifies the authority-specific service scope and role, management/legal approve the wording, and the landing-page message is approved."
"JAFZA approval","Search | Authority Approvals | Dubai","JAFZA Approval","jafza permit support","Phrase","Transactional","High","High","Medium (directional estimate)","https://emitronix.ae/warehouse/warehouse-authority-approvals","P1","Paused - draft only","Yes - service scope, role and landing-page approval required","Classification is an estimate; validate volume, CPC and query fit in Keyword Planner before launch. LAUNCH HOLD: Placeholder URL only; no paid final URL is approved. Do not upload or activate until Emitronix verifies the authority-specific service scope and role, management/legal approve the wording, and the landing-page message is approved."
"Dubai South approval","Search | Authority Approvals | Dubai","Dubai South Approval","dubai south approval service","Exact","Transactional","High","High","Medium (directional estimate)","https://emitronix.ae/warehouse/warehouse-authority-approvals","P1","Paused - draft only","Yes - service scope, role and landing-page approval required","Classification is an estimate; validate volume, CPC and query fit in Keyword Planner before launch. LAUNCH HOLD: Placeholder URL only; no paid final URL is approved. Do not upload or activate until Emitronix verifies the authority-specific service scope and role, management/legal approve the wording, and the landing-page message is approved."
"Dubai South approval","Search | Authority Approvals | Dubai","Dubai South Approval","dubai south approval service","Phrase","Transactional","High","High","Medium (directional estimate)","https://emitronix.ae/warehouse/warehouse-authority-approvals","P1","Paused - draft only","Yes - service scope, role and landing-page approval required","Classification is an estimate; validate volume, CPC and query fit in Keyword Planner before launch. LAUNCH HOLD: Placeholder URL only; no paid final URL is approved. Do not upload or activate until Emitronix verifies the authority-specific service scope and role, management/legal approve the wording, and the landing-page message is approved."
"Dubai South approval","Search | Authority Approvals | Dubai","Dubai South Approval","dubai south warehouse approval","Exact","Transactional","High","High","Medium (directional estimate)","https://emitronix.ae/warehouse/warehouse-authority-approvals","P1","Paused - draft only","Yes - service scope, role and landing-page approval required","Classification is an estimate; validate volume, CPC and query fit in Keyword Planner before launch. LAUNCH HOLD: Placeholder URL only; no paid final URL is approved. Do not upload or activate until Emitronix verifies the authority-specific service scope and role, management/legal approve the wording, and the landing-page message is approved."
"Dubai South approval","Search | Authority Approvals | Dubai","Dubai South Approval","dubai south warehouse approval","Phrase","Transactional","High","High","Medium (directional estimate)","https://emitronix.ae/warehouse/warehouse-authority-approvals","P1","Paused - draft only","Yes - service scope, role and landing-page approval required","Classification is an estimate; validate volume, CPC and query fit in Keyword Planner before launch. LAUNCH HOLD: Placeholder URL only; no paid final URL is approved. Do not upload or activate until Emitronix verifies the authority-specific service scope and role, management/legal approve the wording, and the landing-page message is approved."
"Dubai South approval","Search | Authority Approvals | Dubai","Dubai South Approval","dubai south building permit","Exact","Transactional","High","High","Medium (directional estimate)","https://emitronix.ae/warehouse/warehouse-authority-approvals","P1","Paused - draft only","Yes - service scope, role and landing-page approval required","Classification is an estimate; validate volume, CPC and query fit in Keyword Planner before launch. LAUNCH HOLD: Placeholder URL only; no paid final URL is approved. Do not upload or activate until Emitronix verifies the authority-specific service scope and role, management/legal approve the wording, and the landing-page message is approved."
"Dubai South approval","Search | Authority Approvals | Dubai","Dubai South Approval","dubai south building permit","Phrase","Transactional","High","High","Medium (directional estimate)","https://emitronix.ae/warehouse/warehouse-authority-approvals","P1","Paused - draft only","Yes - service scope, role and landing-page approval required","Classification is an estimate; validate volume, CPC and query fit in Keyword Planner before launch. LAUNCH HOLD: Placeholder URL only; no paid final URL is approved. Do not upload or activate until Emitronix verifies the authority-specific service scope and role, management/legal approve the wording, and the landing-page message is approved."
"Dubai South approval","Search | Authority Approvals | Dubai","Dubai South Approval","dubai south drawing approval","Exact","Transactional","High","High","Medium (directional estimate)","https://emitronix.ae/warehouse/warehouse-authority-approvals","P1","Paused - draft only","Yes - service scope, role and landing-page approval required","Classification is an estimate; validate volume, CPC and query fit in Keyword Planner before launch. LAUNCH HOLD: Placeholder URL only; no paid final URL is approved. Do not upload or activate until Emitronix verifies the authority-specific service scope and role, management/legal approve the wording, and the landing-page message is approved."
"Dubai South approval","Search | Authority Approvals | Dubai","Dubai South Approval","dubai south drawing approval","Phrase","Transactional","High","High","Medium (directional estimate)","https://emitronix.ae/warehouse/warehouse-authority-approvals","P1","Paused - draft only","Yes - service scope, role and landing-page approval required","Classification is an estimate; validate volume, CPC and query fit in Keyword Planner before launch. LAUNCH HOLD: Placeholder URL only; no paid final URL is approved. Do not upload or activate until Emitronix verifies the authority-specific service scope and role, management/legal approve the wording, and the landing-page message is approved."
"Dubai South approval","Search | Authority Approvals | Dubai","Dubai South Approval","dubai south modification permit","Exact","Transactional","High","High","Medium (directional estimate)","https://emitronix.ae/warehouse/warehouse-authority-approvals","P1","Paused - draft only","Yes - service scope, role and landing-page approval required","Classification is an estimate; validate volume, CPC and query fit in Keyword Planner before launch. LAUNCH HOLD: Placeholder URL only; no paid final URL is approved. Do not upload or activate until Emitronix verifies the authority-specific service scope and role, management/legal approve the wording, and the landing-page message is approved."
"Dubai South approval","Search | Authority Approvals | Dubai","Dubai South Approval","dubai south modification permit","Phrase","Transactional","High","High","Medium (directional estimate)","https://emitronix.ae/warehouse/warehouse-authority-approvals","P1","Paused - draft only","Yes - service scope, role and landing-page approval required","Classification is an estimate; validate volume, CPC and query fit in Keyword Planner before launch. LAUNCH HOLD: Placeholder URL only; no paid final URL is approved. Do not upload or activate until Emitronix verifies the authority-specific service scope and role, management/legal approve the wording, and the landing-page message is approved."
"Dubai South approval","Search | Authority Approvals | Dubai","Dubai South Approval","dubai south approval consultant","Exact","Transactional","High","High","Medium (directional estimate)","https://emitronix.ae/warehouse/warehouse-authority-approvals","P1","Paused - draft only","Yes - service scope, role and landing-page approval required","Classification is an estimate; validate volume, CPC and query fit in Keyword Planner before launch. Query uses consultant language; ad and landing page must clarify Emitronix's verified coordination/support role and appointment dependencies. LAUNCH HOLD: Placeholder URL only; no paid final URL is approved. Do not upload or activate until Emitronix verifies the authority-specific service scope and role, management/legal approve the wording, and the landing-page message is approved."
"Dubai South approval","Search | Authority Approvals | Dubai","Dubai South Approval","dubai south approval consultant","Phrase","Transactional","High","High","Medium (directional estimate)","https://emitronix.ae/warehouse/warehouse-authority-approvals","P1","Paused - draft only","Yes - service scope, role and landing-page approval required","Classification is an estimate; validate volume, CPC and query fit in Keyword Planner before launch. Query uses consultant language; ad and landing page must clarify Emitronix's verified coordination/support role and appointment dependencies. LAUNCH HOLD: Placeholder URL only; no paid final URL is approved. Do not upload or activate until Emitronix verifies the authority-specific service scope and role, management/legal approve the wording, and the landing-page message is approved."
"Dubai South approval","Search | Authority Approvals | Dubai","Dubai South Approval","dubai south approval company","Exact","Transactional","High","High","Medium (directional estimate)","https://emitronix.ae/warehouse/warehouse-authority-approvals","P1","Paused - draft only","Yes - service scope, role and landing-page approval required","Classification is an estimate; validate volume, CPC and query fit in Keyword Planner before launch. LAUNCH HOLD: Placeholder URL only; no paid final URL is approved. Do not upload or activate until Emitronix verifies the authority-specific service scope and role, management/legal approve the wording, and the landing-page message is approved."
"Dubai South approval","Search | Authority Approvals | Dubai","Dubai South Approval","dubai south approval company","Phrase","Transactional","High","High","Medium (directional estimate)","https://emitronix.ae/warehouse/warehouse-authority-approvals","P1","Paused - draft only","Yes - service scope, role and landing-page approval required","Classification is an estimate; validate volume, CPC and query fit in Keyword Planner before launch. LAUNCH HOLD: Placeholder URL only; no paid final URL is approved. Do not upload or activate until Emitronix verifies the authority-specific service scope and role, management/legal approve the wording, and the landing-page message is approved."
"Dubai South approval","Search | Authority Approvals | Dubai","Dubai South Approval","dubai south permit support","Exact","Transactional","High","High","Medium (directional estimate)","https://emitronix.ae/warehouse/warehouse-authority-approvals","P1","Paused - draft only","Yes - service scope, role and landing-page approval required","Classification is an estimate; validate volume, CPC and query fit in Keyword Planner before launch. LAUNCH HOLD: Placeholder URL only; no paid final URL is approved. Do not upload or activate until Emitronix verifies the authority-specific service scope and role, management/legal approve the wording, and the landing-page message is approved."
"Dubai South approval","Search | Authority Approvals | Dubai","Dubai South Approval","dubai south permit support","Phrase","Transactional","High","High","Medium (directional estimate)","https://emitronix.ae/warehouse/warehouse-authority-approvals","P1","Paused - draft only","Yes - service scope, role and landing-page approval required","Classification is an estimate; validate volume, CPC and query fit in Keyword Planner before launch. LAUNCH HOLD: Placeholder URL only; no paid final URL is approved. Do not upload or activate until Emitronix verifies the authority-specific service scope and role, management/legal approve the wording, and the landing-page message is approved."
"DDA approval","Search | Authority Approvals | Dubai","DDA Approval","dda approval dubai","Exact","Transactional","High","High","Medium (directional estimate)","https://emitronix.ae/dda-approvals","P1","Paused - draft only","No","Classification is an estimate; validate volume, CPC and query fit in Keyword Planner before launch."
"DDA approval","Search | Authority Approvals | Dubai","DDA Approval","dda approval dubai","Phrase","Transactional","High","High","Medium (directional estimate)","https://emitronix.ae/dda-approvals","P1","Paused - draft only","No","Classification is an estimate; validate volume, CPC and query fit in Keyword Planner before launch."
"DDA approval","Search | Authority Approvals | Dubai","DDA Approval","dubai development authority approval","Exact","Transactional","High","High","Medium (directional estimate)","https://emitronix.ae/dda-approvals","P1","Paused - draft only","No","Classification is an estimate; validate volume, CPC and query fit in Keyword Planner before launch."
"DDA approval","Search | Authority Approvals | Dubai","DDA Approval","dubai development authority approval","Phrase","Transactional","High","High","Medium (directional estimate)","https://emitronix.ae/dda-approvals","P1","Paused - draft only","No","Classification is an estimate; validate volume, CPC and query fit in Keyword Planner before launch."
"DDA approval","Search | Authority Approvals | Dubai","DDA Approval","dda approval service","Exact","Transactional","High","High","Medium (directional estimate)","https://emitronix.ae/dda-approvals","P1","Paused - draft only","No","Classification is an estimate; validate volume, CPC and query fit in Keyword Planner before launch."
"DDA approval","Search | Authority Approvals | Dubai","DDA Approval","dda approval service","Phrase","Transactional","High","High","Medium (directional estimate)","https://emitronix.ae/dda-approvals","P1","Paused - draft only","No","Classification is an estimate; validate volume, CPC and query fit in Keyword Planner before launch."
"DDA approval","Search | Authority Approvals | Dubai","DDA Approval","dda building approval","Exact","Transactional","High","High","Medium (directional estimate)","https://emitronix.ae/dda-approvals","P1","Paused - draft only","No","Classification is an estimate; validate volume, CPC and query fit in Keyword Planner before launch."
"DDA approval","Search | Authority Approvals | Dubai","DDA Approval","dda building approval","Phrase","Transactional","High","High","Medium (directional estimate)","https://emitronix.ae/dda-approvals","P1","Paused - draft only","No","Classification is an estimate; validate volume, CPC and query fit in Keyword Planner before launch."
"DDA approval","Search | Authority Approvals | Dubai","DDA Approval","dda drawing submission","Exact","Transactional","High","High","Medium (directional estimate)","https://emitronix.ae/dda-approvals","P1","Paused - draft only","No","Classification is an estimate; validate volume, CPC and query fit in Keyword Planner before launch."
"DDA approval","Search | Authority Approvals | Dubai","DDA Approval","dda drawing submission","Phrase","Transactional","High","High","Medium (directional estimate)","https://emitronix.ae/dda-approvals","P1","Paused - draft only","No","Classification is an estimate; validate volume, CPC and query fit in Keyword Planner before launch."
"DDA approval","Search | Authority Approvals | Dubai","DDA Approval","dda approval consultant","Exact","Transactional","High","High","Medium (directional estimate)","https://emitronix.ae/dda-approvals","P1","Paused - draft only","No","Classification is an estimate; validate volume, CPC and query fit in Keyword Planner before launch. Query uses consultant language; ad and landing page must clarify Emitronix's verified coordination/support role and appointment dependencies."
"DDA approval","Search | Authority Approvals | Dubai","DDA Approval","dda approval consultant","Phrase","Transactional","High","High","Medium (directional estimate)","https://emitronix.ae/dda-approvals","P1","Paused - draft only","No","Classification is an estimate; validate volume, CPC and query fit in Keyword Planner before launch. Query uses consultant language; ad and landing page must clarify Emitronix's verified coordination/support role and appointment dependencies."
"DDA approval","Search | Authority Approvals | Dubai","DDA Approval","dda approval company","Exact","Transactional","High","High","Medium (directional estimate)","https://emitronix.ae/dda-approvals","P1","Paused - draft only","No","Classification is an estimate; validate volume, CPC and query fit in Keyword Planner before launch."
"DDA approval","Search | Authority Approvals | Dubai","DDA Approval","dda approval company","Phrase","Transactional","High","High","Medium (directional estimate)","https://emitronix.ae/dda-approvals","P1","Paused - draft only","No","Classification is an estimate; validate volume, CPC and query fit in Keyword Planner before launch."
"DDA approval","Search | Authority Approvals | Dubai","DDA Approval","dda permit support","Exact","Transactional","High","High","Medium (directional estimate)","https://emitronix.ae/dda-approvals","P1","Paused - draft only","No","Classification is an estimate; validate volume, CPC and query fit in Keyword Planner before launch."
"DDA approval","Search | Authority Approvals | Dubai","DDA Approval","dda permit support","Phrase","Transactional","High","High","Medium (directional estimate)","https://emitronix.ae/dda-approvals","P1","Paused - draft only","No","Classification is an estimate; validate volume, CPC and query fit in Keyword Planner before launch."
"RTA approval","Search | Authority Approvals | Dubai","RTA Approval","rta approval dubai","Exact","Transactional","High","Medium","Medium (directional estimate)","https://emitronix.ae/rta-approval","P2","Paused - draft only","No","Classification is an estimate; validate volume, CPC and query fit in Keyword Planner before launch."
"RTA approval","Search | Authority Approvals | Dubai","RTA Approval","rta approval dubai","Phrase","Transactional","High","Medium","Medium (directional estimate)","https://emitronix.ae/rta-approval","P2","Paused - draft only","No","Classification is an estimate; validate volume, CPC and query fit in Keyword Planner before launch."
"RTA approval","Search | Authority Approvals | Dubai","RTA Approval","rta noc service dubai","Exact","Transactional","High","Medium","Medium (directional estimate)","https://emitronix.ae/rta-approval","P2","Paused - draft only","No","Classification is an estimate; validate volume, CPC and query fit in Keyword Planner before launch."
"RTA approval","Search | Authority Approvals | Dubai","RTA Approval","rta noc service dubai","Phrase","Transactional","High","Medium","Medium (directional estimate)","https://emitronix.ae/rta-approval","P2","Paused - draft only","No","Classification is an estimate; validate volume, CPC and query fit in Keyword Planner before launch."
"RTA approval","Search | Authority Approvals | Dubai","RTA Approval","rta permit approval","Exact","Transactional","High","Medium","Medium (directional estimate)","https://emitronix.ae/rta-approval","P2","Paused - draft only","No","Classification is an estimate; validate volume, CPC and query fit in Keyword Planner before launch."
"RTA approval","Search | Authority Approvals | Dubai","RTA Approval","rta permit approval","Phrase","Transactional","High","Medium","Medium (directional estimate)","https://emitronix.ae/rta-approval","P2","Paused - draft only","No","Classification is an estimate; validate volume, CPC and query fit in Keyword Planner before launch."
"RTA approval","Search | Authority Approvals | Dubai","RTA Approval","rta road access approval","Exact","Transactional","High","Medium","Medium (directional estimate)","https://emitronix.ae/rta-approval","P2","Paused - draft only","No","Classification is an estimate; validate volume, CPC and query fit in Keyword Planner before launch."
"RTA approval","Search | Authority Approvals | Dubai","RTA Approval","rta road access approval","Phrase","Transactional","High","Medium","Medium (directional estimate)","https://emitronix.ae/rta-approval","P2","Paused - draft only","No","Classification is an estimate; validate volume, CPC and query fit in Keyword Planner before launch."
"RTA approval","Search | Authority Approvals | Dubai","RTA Approval","rta construction noc dubai","Exact","Transactional","High","Medium","Medium (directional estimate)","https://emitronix.ae/rta-approval","P2","Paused - draft only","No","Classification is an estimate; validate volume, CPC and query fit in Keyword Planner before launch."
"RTA approval","Search | Authority Approvals | Dubai","RTA Approval","rta construction noc dubai","Phrase","Transactional","High","Medium","Medium (directional estimate)","https://emitronix.ae/rta-approval","P2","Paused - draft only","No","Classification is an estimate; validate volume, CPC and query fit in Keyword Planner before launch."
"RTA approval","Search | Authority Approvals | Dubai","RTA Approval","rta approval consultant","Exact","Transactional","High","Medium","Medium (directional estimate)","https://emitronix.ae/rta-approval","P2","Paused - draft only","No","Classification is an estimate; validate volume, CPC and query fit in Keyword Planner before launch. Query uses consultant language; ad and landing page must clarify Emitronix's verified coordination/support role and appointment dependencies."
"RTA approval","Search | Authority Approvals | Dubai","RTA Approval","rta approval consultant","Phrase","Transactional","High","Medium","Medium (directional estimate)","https://emitronix.ae/rta-approval","P2","Paused - draft only","No","Classification is an estimate; validate volume, CPC and query fit in Keyword Planner before launch. Query uses consultant language; ad and landing page must clarify Emitronix's verified coordination/support role and appointment dependencies."
"RTA approval","Search | Authority Approvals | Dubai","RTA Approval","rta approval company","Exact","Transactional","High","Medium","Medium (directional estimate)","https://emitronix.ae/rta-approval","P2","Paused - draft only","No","Classification is an estimate; validate volume, CPC and query fit in Keyword Planner before launch."
"RTA approval","Search | Authority Approvals | Dubai","RTA Approval","rta approval company","Phrase","Transactional","High","Medium","Medium (directional estimate)","https://emitronix.ae/rta-approval","P2","Paused - draft only","No","Classification is an estimate; validate volume, CPC and query fit in Keyword Planner before launch."
"RTA approval","Search | Authority Approvals | Dubai","RTA Approval","rta noc support","Exact","Transactional","High","Medium","Medium (directional estimate)","https://emitronix.ae/rta-approval","P2","Paused - draft only","No","Classification is an estimate; validate volume, CPC and query fit in Keyword Planner before launch."
"RTA approval","Search | Authority Approvals | Dubai","RTA Approval","rta noc support","Phrase","Transactional","High","Medium","Medium (directional estimate)","https://emitronix.ae/rta-approval","P2","Paused - draft only","No","Classification is an estimate; validate volume, CPC and query fit in Keyword Planner before launch."
"Building permit approval","Search | Authority Approvals | Dubai","Building Permit Approval","building permit approval dubai","Exact","Transactional","High","High","High (directional estimate)","https://emitronix.ae/dubai-municipality-approval","P1","Paused - draft only","No","Classification is an estimate; validate volume, CPC and query fit in Keyword Planner before launch."
"Building permit approval","Search | Authority Approvals | Dubai","Building Permit Approval","building permit approval dubai","Phrase","Transactional","High","High","High (directional estimate)","https://emitronix.ae/dubai-municipality-approval","P1","Paused - draft only","No","Classification is an estimate; validate volume, CPC and query fit in Keyword Planner before launch."
"Building permit approval","Search | Authority Approvals | Dubai","Building Permit Approval","dubai building permit service","Exact","Transactional","High","High","High (directional estimate)","https://emitronix.ae/dubai-municipality-approval","P1","Paused - draft only","No","Classification is an estimate; validate volume, CPC and query fit in Keyword Planner before launch."
"Building permit approval","Search | Authority Approvals | Dubai","Building Permit Approval","dubai building permit service","Phrase","Transactional","High","High","High (directional estimate)","https://emitronix.ae/dubai-municipality-approval","P1","Paused - draft only","No","Classification is an estimate; validate volume, CPC and query fit in Keyword Planner before launch."
"Building permit approval","Search | Authority Approvals | Dubai","Building Permit Approval","warehouse building permit dubai","Exact","Transactional","High","High","High (directional estimate)","https://emitronix.ae/dubai-municipality-approval","P1","Paused - draft only","No","Classification is an estimate; validate volume, CPC and query fit in Keyword Planner before launch."
"Building permit approval","Search | Authority Approvals | Dubai","Building Permit Approval","warehouse building permit dubai","Phrase","Transactional","High","High","High (directional estimate)","https://emitronix.ae/dubai-municipality-approval","P1","Paused - draft only","No","Classification is an estimate; validate volume, CPC and query fit in Keyword Planner before launch."
"Building permit approval","Search | Authority Approvals | Dubai","Building Permit Approval","industrial building permit dubai","Exact","Transactional","High","High","High (directional estimate)","https://emitronix.ae/dubai-municipality-approval","P1","Paused - draft only","No","Classification is an estimate; validate volume, CPC and query fit in Keyword Planner before launch."
"Building permit approval","Search | Authority Approvals | Dubai","Building Permit Approval","industrial building permit dubai","Phrase","Transactional","High","High","High (directional estimate)","https://emitronix.ae/dubai-municipality-approval","P1","Paused - draft only","No","Classification is an estimate; validate volume, CPC and query fit in Keyword Planner before launch."
"Building permit approval","Search | Authority Approvals | Dubai","Building Permit Approval","building permit consultant dubai","Exact","Transactional","High","High","High (directional estimate)","https://emitronix.ae/dubai-municipality-approval","P1","Paused - draft only","No","Classification is an estimate; validate volume, CPC and query fit in Keyword Planner before launch. Query uses consultant language; ad and landing page must clarify Emitronix's verified coordination/support role and appointment dependencies."
"Building permit approval","Search | Authority Approvals | Dubai","Building Permit Approval","building permit consultant dubai","Phrase","Transactional","High","High","High (directional estimate)","https://emitronix.ae/dubai-municipality-approval","P1","Paused - draft only","No","Classification is an estimate; validate volume, CPC and query fit in Keyword Planner before launch. Query uses consultant language; ad and landing page must clarify Emitronix's verified coordination/support role and appointment dependencies."
"Building permit approval","Search | Authority Approvals | Dubai","Building Permit Approval","building permit company dubai","Exact","Transactional","High","High","High (directional estimate)","https://emitronix.ae/dubai-municipality-approval","P1","Paused - draft only","No","Classification is an estimate; validate volume, CPC and query fit in Keyword Planner before launch."
"Building permit approval","Search | Authority Approvals | Dubai","Building Permit Approval","building permit company dubai","Phrase","Transactional","High","High","High (directional estimate)","https://emitronix.ae/dubai-municipality-approval","P1","Paused - draft only","No","Classification is an estimate; validate volume, CPC and query fit in Keyword Planner before launch."
"Building permit approval","Search | Authority Approvals | Dubai","Building Permit Approval","construction permit approval dubai","Exact","Transactional","High","High","High (directional estimate)","https://emitronix.ae/dubai-municipality-approval","P1","Paused - draft only","No","Classification is an estimate; validate volume, CPC and query fit in Keyword Planner before launch."
"Building permit approval","Search | Authority Approvals | Dubai","Building Permit Approval","construction permit approval dubai","Phrase","Transactional","High","High","High (directional estimate)","https://emitronix.ae/dubai-municipality-approval","P1","Paused - draft only","No","Classification is an estimate; validate volume, CPC and query fit in Keyword Planner before launch."
"Building permit approval","Search | Authority Approvals | Dubai","Building Permit Approval","building permit quotation","Exact","Transactional","High","High","High (directional estimate)","https://emitronix.ae/dubai-municipality-approval","P1","Paused - draft only","No","Classification is an estimate; validate volume, CPC and query fit in Keyword Planner before launch."
"Building permit approval","Search | Authority Approvals | Dubai","Building Permit Approval","building permit quotation","Phrase","Transactional","High","High","High (directional estimate)","https://emitronix.ae/dubai-municipality-approval","P1","Paused - draft only","No","Classification is an estimate; validate volume, CPC and query fit in Keyword Planner before launch."
"Civil Defence drawing approval","Search | Authority Approvals | Dubai","Dubai Civil Defence Approval","civil defence drawing approval","Exact","Transactional","High","High","Medium (directional estimate)","https://emitronix.ae/dcd-approvals","P1","Paused - draft only","No","Classification is an estimate; validate volume, CPC and query fit in Keyword Planner before launch."
"Civil Defence drawing approval","Search | Authority Approvals | Dubai","Dubai Civil Defence Approval","civil defence drawing approval","Phrase","Transactional","High","High","Medium (directional estimate)","https://emitronix.ae/dcd-approvals","P1","Paused - draft only","No","Classification is an estimate; validate volume, CPC and query fit in Keyword Planner before launch."
"Civil Defence drawing approval","Search | Authority Approvals | Dubai","Dubai Civil Defence Approval","dcd drawing approval service","Exact","Transactional","High","High","Medium (directional estimate)","https://emitronix.ae/dcd-approvals","P1","Paused - draft only","No","Classification is an estimate; validate volume, CPC and query fit in Keyword Planner before launch."
"Civil Defence drawing approval","Search | Authority Approvals | Dubai","Dubai Civil Defence Approval","dcd drawing approval service","Phrase","Transactional","High","High","Medium (directional estimate)","https://emitronix.ae/dcd-approvals","P1","Paused - draft only","No","Classification is an estimate; validate volume, CPC and query fit in Keyword Planner before launch."
"Civil Defence drawing approval","Search | Authority Approvals | Dubai","Dubai Civil Defence Approval","fire fighting drawing approval","Exact","Transactional","High","High","Medium (directional estimate)","https://emitronix.ae/dcd-approvals","P1","Paused - draft only","No","Classification is an estimate; validate volume, CPC and query fit in Keyword Planner before launch."
"Civil Defence drawing approval","Search | Authority Approvals | Dubai","Dubai Civil Defence Approval","fire fighting drawing approval","Phrase","Transactional","High","High","Medium (directional estimate)","https://emitronix.ae/dcd-approvals","P1","Paused - draft only","No","Classification is an estimate; validate volume, CPC and query fit in Keyword Planner before launch."
"Civil Defence drawing approval","Search | Authority Approvals | Dubai","Dubai Civil Defence Approval","fire alarm drawing approval dubai","Exact","Transactional","High","High","Medium (directional estimate)","https://emitronix.ae/dcd-approvals","P1","Paused - draft only","No","Classification is an estimate; validate volume, CPC and query fit in Keyword Planner before launch."
"Civil Defence drawing approval","Search | Authority Approvals | Dubai","Dubai Civil Defence Approval","fire alarm drawing approval dubai","Phrase","Transactional","High","High","Medium (directional estimate)","https://emitronix.ae/dcd-approvals","P1","Paused - draft only","No","Classification is an estimate; validate volume, CPC and query fit in Keyword Planner before launch."
"Civil Defence drawing approval","Search | Authority Approvals | Dubai","Dubai Civil Defence Approval","civil defence drawing submission","Exact","Transactional","High","High","Medium (directional estimate)","https://emitronix.ae/dcd-approvals","P1","Paused - draft only","No","Classification is an estimate; validate volume, CPC and query fit in Keyword Planner before launch."
"Civil Defence drawing approval","Search | Authority Approvals | Dubai","Dubai Civil Defence Approval","civil defence drawing submission","Phrase","Transactional","High","High","Medium (directional estimate)","https://emitronix.ae/dcd-approvals","P1","Paused - draft only","No","Classification is an estimate; validate volume, CPC and query fit in Keyword Planner before launch."
"Civil Defence drawing approval","Search | Authority Approvals | Dubai","Dubai Civil Defence Approval","dcd fire drawing approval","Exact","Transactional","High","High","Medium (directional estimate)","https://emitronix.ae/dcd-approvals","P1","Paused - draft only","No","Classification is an estimate; validate volume, CPC and query fit in Keyword Planner before launch."
"Civil Defence drawing approval","Search | Authority Approvals | Dubai","Dubai Civil Defence Approval","dcd fire drawing approval","Phrase","Transactional","High","High","Medium (directional estimate)","https://emitronix.ae/dcd-approvals","P1","Paused - draft only","No","Classification is an estimate; validate volume, CPC and query fit in Keyword Planner before launch."
"MEP drawing approval","Search | Warehouse Construction | Dubai","Warehouse MEP Works","mep drawing approval dubai","Exact","Transactional","High","Medium","Medium (directional estimate)","https://emitronix.ae/warehouse/warehouse-mep","P2","Paused - draft only","No","Classification is an estimate; validate volume, CPC and query fit in Keyword Planner before launch. Launch prerequisite: rebuild /warehouse/warehouse-mep as the integrated civil and MEP paid page."
"MEP drawing approval","Search | Warehouse Construction | Dubai","Warehouse MEP Works","mep drawing approval dubai","Phrase","Transactional","High","Medium","Medium (directional estimate)","https://emitronix.ae/warehouse/warehouse-mep","P2","Paused - draft only","No","Classification is an estimate; validate volume, CPC and query fit in Keyword Planner before launch. Launch prerequisite: rebuild /warehouse/warehouse-mep as the integrated civil and MEP paid page."
"MEP drawing approval","Search | Warehouse Construction | Dubai","Warehouse MEP Works","warehouse mep drawing approval","Exact","Transactional","High","Medium","Medium (directional estimate)","https://emitronix.ae/warehouse/warehouse-mep","P2","Paused - draft only","No","Classification is an estimate; validate volume, CPC and query fit in Keyword Planner before launch. Launch prerequisite: rebuild /warehouse/warehouse-mep as the integrated civil and MEP paid page."
"MEP drawing approval","Search | Warehouse Construction | Dubai","Warehouse MEP Works","warehouse mep drawing approval","Phrase","Transactional","High","Medium","Medium (directional estimate)","https://emitronix.ae/warehouse/warehouse-mep","P2","Paused - draft only","No","Classification is an estimate; validate volume, CPC and query fit in Keyword Planner before launch. Launch prerequisite: rebuild /warehouse/warehouse-mep as the integrated civil and MEP paid page."
"MEP drawing approval","Search | Warehouse Construction | Dubai","Warehouse MEP Works","electrical drawing approval dubai","Exact","Transactional","High","Medium","Medium (directional estimate)","https://emitronix.ae/warehouse/warehouse-mep","P2","Paused - draft only","No","Classification is an estimate; validate volume, CPC and query fit in Keyword Planner before launch. Launch prerequisite: rebuild /warehouse/warehouse-mep as the integrated civil and MEP paid page."
"MEP drawing approval","Search | Warehouse Construction | Dubai","Warehouse MEP Works","electrical drawing approval dubai","Phrase","Transactional","High","Medium","Medium (directional estimate)","https://emitronix.ae/warehouse/warehouse-mep","P2","Paused - draft only","No","Classification is an estimate; validate volume, CPC and query fit in Keyword Planner before launch. Launch prerequisite: rebuild /warehouse/warehouse-mep as the integrated civil and MEP paid page."
"MEP drawing approval","Search | Warehouse Construction | Dubai","Warehouse MEP Works","mechanical drawing approval dubai","Exact","Transactional","High","Medium","Medium (directional estimate)","https://emitronix.ae/warehouse/warehouse-mep","P2","Paused - draft only","No","Classification is an estimate; validate volume, CPC and query fit in Keyword Planner before launch. Launch prerequisite: rebuild /warehouse/warehouse-mep as the integrated civil and MEP paid page."
"MEP drawing approval","Search | Warehouse Construction | Dubai","Warehouse MEP Works","mechanical drawing approval dubai","Phrase","Transactional","High","Medium","Medium (directional estimate)","https://emitronix.ae/warehouse/warehouse-mep","P2","Paused - draft only","No","Classification is an estimate; validate volume, CPC and query fit in Keyword Planner before launch. Launch prerequisite: rebuild /warehouse/warehouse-mep as the integrated civil and MEP paid page."
"MEP drawing approval","Search | Warehouse Construction | Dubai","Warehouse MEP Works","plumbing drawing approval dubai","Exact","Transactional","High","Medium","Medium (directional estimate)","https://emitronix.ae/warehouse/warehouse-mep","P2","Paused - draft only","No","Classification is an estimate; validate volume, CPC and query fit in Keyword Planner before launch. Launch prerequisite: rebuild /warehouse/warehouse-mep as the integrated civil and MEP paid page."
"MEP drawing approval","Search | Warehouse Construction | Dubai","Warehouse MEP Works","plumbing drawing approval dubai","Phrase","Transactional","High","Medium","Medium (directional estimate)","https://emitronix.ae/warehouse/warehouse-mep","P2","Paused - draft only","No","Classification is an estimate; validate volume, CPC and query fit in Keyword Planner before launch. Launch prerequisite: rebuild /warehouse/warehouse-mep as the integrated civil and MEP paid page."
"MEP drawing approval","Search | Warehouse Construction | Dubai","Warehouse MEP Works","mep drawing submission service","Exact","Transactional","High","Medium","Medium (directional estimate)","https://emitronix.ae/warehouse/warehouse-mep","P2","Paused - draft only","No","Classification is an estimate; validate volume, CPC and query fit in Keyword Planner before launch. Launch prerequisite: rebuild /warehouse/warehouse-mep as the integrated civil and MEP paid page."
"MEP drawing approval","Search | Warehouse Construction | Dubai","Warehouse MEP Works","mep drawing submission service","Phrase","Transactional","High","Medium","Medium (directional estimate)","https://emitronix.ae/warehouse/warehouse-mep","P2","Paused - draft only","No","Classification is an estimate; validate volume, CPC and query fit in Keyword Planner before launch. Launch prerequisite: rebuild /warehouse/warehouse-mep as the integrated civil and MEP paid page."
"Emitronix brand","Search | Brand Protection | UAE","Emitronix Brand","emitronix","Exact","Navigational","High","High","Low (directional estimate)","https://emitronix.ae/contact","P1","Paused - draft only","No","Classification is an estimate; validate volume, CPC and query fit in Keyword Planner before launch."
"Emitronix brand","Search | Brand Protection | UAE","Emitronix Brand","emitronix","Phrase","Navigational","High","High","Low (directional estimate)","https://emitronix.ae/contact","P1","Paused - draft only","No","Classification is an estimate; validate volume, CPC and query fit in Keyword Planner before launch."
"Emitronix brand","Search | Brand Protection | UAE","Emitronix Brand","emitronix dubai","Exact","Navigational","High","High","Low (directional estimate)","https://emitronix.ae/contact","P1","Paused - draft only","No","Classification is an estimate; validate volume, CPC and query fit in Keyword Planner before launch."
"Emitronix brand","Search | Brand Protection | UAE","Emitronix Brand","emitronix dubai","Phrase","Navigational","High","High","Low (directional estimate)","https://emitronix.ae/contact","P1","Paused - draft only","No","Classification is an estimate; validate volume, CPC and query fit in Keyword Planner before launch."
"Emitronix brand","Search | Brand Protection | UAE","Emitronix Brand","emitronix contracting","Exact","Navigational","High","High","Low (directional estimate)","https://emitronix.ae/contact","P1","Paused - draft only","No","Classification is an estimate; validate volume, CPC and query fit in Keyword Planner before launch."
"Emitronix brand","Search | Brand Protection | UAE","Emitronix Brand","emitronix contracting","Phrase","Navigational","High","High","Low (directional estimate)","https://emitronix.ae/contact","P1","Paused - draft only","No","Classification is an estimate; validate volume, CPC and query fit in Keyword Planner before launch."
"Emitronix brand","Search | Brand Protection | UAE","Emitronix Brand","emitronix contracting llc","Exact","Navigational","High","High","Low (directional estimate)","https://emitronix.ae/contact","P1","Paused - draft only","No","Classification is an estimate; validate volume, CPC and query fit in Keyword Planner before launch."
"Emitronix brand","Search | Brand Protection | UAE","Emitronix Brand","emitronix contracting llc","Phrase","Navigational","High","High","Low (directional estimate)","https://emitronix.ae/contact","P1","Paused - draft only","No","Classification is an estimate; validate volume, CPC and query fit in Keyword Planner before launch."
"Emitronix brand","Search | Brand Protection | UAE","Emitronix Brand","emitronix warehouse","Exact","Navigational","High","High","Low (directional estimate)","https://emitronix.ae/contact","P1","Paused - draft only","No","Classification is an estimate; validate volume, CPC and query fit in Keyword Planner before launch."
"Emitronix brand","Search | Brand Protection | UAE","Emitronix Brand","emitronix warehouse","Phrase","Navigational","High","High","Low (directional estimate)","https://emitronix.ae/contact","P1","Paused - draft only","No","Classification is an estimate; validate volume, CPC and query fit in Keyword Planner before launch."
"Emitronix brand","Search | Brand Protection | UAE","Emitronix Brand","emitronix approvals","Exact","Navigational","High","High","Low (directional estimate)","https://emitronix.ae/contact","P1","Paused - draft only","No","Classification is an estimate; validate volume, CPC and query fit in Keyword Planner before launch."
"Emitronix brand","Search | Brand Protection | UAE","Emitronix Brand","emitronix approvals","Phrase","Navigational","High","High","Low (directional estimate)","https://emitronix.ae/contact","P1","Paused - draft only","No","Classification is an estimate; validate volume, CPC and query fit in Keyword Planner before launch."
"Emitronix spelling variations","Search | Brand Protection | UAE","Emitronix Variations","emitronics dubai","Exact","Navigational","High","High","Low (directional estimate)","https://emitronix.ae/contact","P1","Paused - draft only","No","Classification is an estimate; validate volume, CPC and query fit in Keyword Planner before launch."
"Emitronix spelling variations","Search | Brand Protection | UAE","Emitronix Variations","emitronics dubai","Phrase","Navigational","High","High","Low (directional estimate)","https://emitronix.ae/contact","P1","Paused - draft only","No","Classification is an estimate; validate volume, CPC and query fit in Keyword Planner before launch."
"Emitronix spelling variations","Search | Brand Protection | UAE","Emitronix Variations","emitronix ae","Exact","Navigational","High","High","Low (directional estimate)","https://emitronix.ae/contact","P1","Paused - draft only","No","Classification is an estimate; validate volume, CPC and query fit in Keyword Planner before launch."
"Emitronix spelling variations","Search | Brand Protection | UAE","Emitronix Variations","emitronix ae","Phrase","Navigational","High","High","Low (directional estimate)","https://emitronix.ae/contact","P1","Paused - draft only","No","Classification is an estimate; validate volume, CPC and query fit in Keyword Planner before launch."
"Emitronix spelling variations","Search | Brand Protection | UAE","Emitronix Variations","emetronix dubai","Exact","Navigational","High","High","Low (directional estimate)","https://emitronix.ae/contact","P1","Paused - draft only","No","Classification is an estimate; validate volume, CPC and query fit in Keyword Planner before launch."
"Emitronix spelling variations","Search | Brand Protection | UAE","Emitronix Variations","emetronix dubai","Phrase","Navigational","High","High","Low (directional estimate)","https://emitronix.ae/contact","P1","Paused - draft only","No","Classification is an estimate; validate volume, CPC and query fit in Keyword Planner before launch."
"Emitronix spelling variations","Search | Brand Protection | UAE","Emitronix Variations","emitronix contractor","Exact","Navigational","High","High","Low (directional estimate)","https://emitronix.ae/contact","P1","Paused - draft only","No","Classification is an estimate; validate volume, CPC and query fit in Keyword Planner before launch."
"Emitronix spelling variations","Search | Brand Protection | UAE","Emitronix Variations","emitronix contractor","Phrase","Navigational","High","High","Low (directional estimate)","https://emitronix.ae/contact","P1","Paused - draft only","No","Classification is an estimate; validate volume, CPC and query fit in Keyword Planner before launch."
"Emitronix spelling variations","Search | Brand Protection | UAE","Emitronix Variations","emitronix construction","Exact","Navigational","High","High","Low (directional estimate)","https://emitronix.ae/contact","P1","Paused - draft only","No","Classification is an estimate; validate volume, CPC and query fit in Keyword Planner before launch."
"Emitronix spelling variations","Search | Brand Protection | UAE","Emitronix Variations","emitronix construction","Phrase","Navigational","High","High","Low (directional estimate)","https://emitronix.ae/contact","P1","Paused - draft only","No","Classification is an estimate; validate volume, CPC and query fit in Keyword Planner before launch."
"Emitronix spelling variations","Search | Brand Protection | UAE","Emitronix Variations","emitronix contact","Exact","Navigational","High","High","Low (directional estimate)","https://emitronix.ae/contact","P1","Paused - draft only","No","Classification is an estimate; validate volume, CPC and query fit in Keyword Planner before launch."
"Emitronix spelling variations","Search | Brand Protection | UAE","Emitronix Variations","emitronix contact","Phrase","Navigational","High","High","Low (directional estimate)","https://emitronix.ae/contact","P1","Paused - draft only","No","Classification is an estimate; validate volume, CPC and query fit in Keyword Planner before launch."
"Contractor comparison","Search | Brand Protection | UAE","Contractor Comparison","compare warehouse contractors dubai","Exact","Commercial investigation","Medium","Medium","High (directional estimate)","https://emitronix.ae/warehouse-construction","P2","Paused - draft only","No","Classification is an estimate; validate volume, CPC and query fit in Keyword Planner before launch."
"Contractor comparison","Search | Brand Protection | UAE","Contractor Comparison","compare warehouse contractors dubai","Phrase","Commercial investigation","Medium","Medium","High (directional estimate)","https://emitronix.ae/warehouse-construction","P2","Paused - draft only","No","Classification is an estimate; validate volume, CPC and query fit in Keyword Planner before launch."
"Contractor comparison","Search | Brand Protection | UAE","Contractor Comparison","warehouse contractor alternatives dubai","Exact","Commercial investigation","Medium","Medium","High (directional estimate)","https://emitronix.ae/warehouse-construction","P2","Paused - draft only","No","Classification is an estimate; validate volume, CPC and query fit in Keyword Planner before launch."
"Contractor comparison","Search | Brand Protection | UAE","Contractor Comparison","warehouse contractor alternatives dubai","Phrase","Commercial investigation","Medium","Medium","High (directional estimate)","https://emitronix.ae/warehouse-construction","P2","Paused - draft only","No","Classification is an estimate; validate volume, CPC and query fit in Keyword Planner before launch."
"Contractor comparison","Search | Brand Protection | UAE","Contractor Comparison","warehouse construction companies dubai","Exact","Commercial investigation","Medium","Medium","High (directional estimate)","https://emitronix.ae/warehouse-construction","P2","Paused - draft only","No","Classification is an estimate; validate volume, CPC and query fit in Keyword Planner before launch."
"Contractor comparison","Search | Brand Protection | UAE","Contractor Comparison","warehouse construction companies dubai","Phrase","Commercial investigation","Medium","Medium","High (directional estimate)","https://emitronix.ae/warehouse-construction","P2","Paused - draft only","No","Classification is an estimate; validate volume, CPC and query fit in Keyword Planner before launch."
"Contractor comparison","Search | Brand Protection | UAE","Contractor Comparison","industrial contractors comparison dubai","Exact","Commercial investigation","Medium","Medium","High (directional estimate)","https://emitronix.ae/warehouse-construction","P2","Paused - draft only","No","Classification is an estimate; validate volume, CPC and query fit in Keyword Planner before launch."
"Contractor comparison","Search | Brand Protection | UAE","Contractor Comparison","industrial contractors comparison dubai","Phrase","Commercial investigation","Medium","Medium","High (directional estimate)","https://emitronix.ae/warehouse-construction","P2","Paused - draft only","No","Classification is an estimate; validate volume, CPC and query fit in Keyword Planner before launch."
"Warehouse construction","Search | Warehouse Construction | Dubai","Warehouse Construction","warehouse construction dubai","Broad","Transactional","High","Unproven - pilot","High (directional estimate)","https://emitronix.ae/warehouse-construction","Hold - data gate","Paused - draft only","No","Keep paused initially. Test only after strong negatives, de-duplicated conversion tracking, conversion-based bidding, and sufficient qualified conversion volume; stop on irrelevant-query or low-quality-lead signals."
"Warehouse contractors","Search | Warehouse Construction | Dubai","Warehouse Contractors","warehouse contractor dubai","Broad","Transactional","High","Unproven - pilot","High (directional estimate)","https://emitronix.ae/warehouse-construction","Hold - data gate","Paused - draft only","No","Keep paused initially. Test only after strong negatives, de-duplicated conversion tracking, conversion-based bidding, and sufficient qualified conversion volume; stop on irrelevant-query or low-quality-lead signals. Landing-page alignment: use /warehouse-construction until a materially distinct contractor proposition is verified."
"Industrial construction","Search | Warehouse Construction | Dubai","Industrial Warehouse","industrial building contractor dubai","Broad","Transactional","High","Unproven - pilot","High (directional estimate)","https://emitronix.ae/warehouse-construction","Hold - data gate","Paused - draft only","No","Keep paused initially. Test only after strong negatives, de-duplicated conversion tracking, conversion-based bidding, and sufficient qualified conversion volume; stop on irrelevant-query or low-quality-lead signals. Landing-page alignment: use /warehouse-construction until a materially distinct industrial-warehouse proposition is verified."
"Dubai Municipality approval","Search | Authority Approvals | Dubai","Dubai Municipality Approval","dubai municipality approval service","Broad","Transactional","High","Unproven - pilot","High (directional estimate)","https://emitronix.ae/dubai-municipality-approval","Hold - data gate","Paused - draft only","No","Keep paused initially. Test only after strong negatives, de-duplicated conversion tracking, conversion-based bidding, and sufficient qualified conversion volume; stop on irrelevant-query or low-quality-lead signals."
"Dubai Civil Defence approval","Search | Authority Approvals | Dubai","Dubai Civil Defence Approval","dcd approval service dubai","Broad","Transactional","High","Unproven - pilot","High (directional estimate)","https://emitronix.ae/dcd-approvals","Hold - data gate","Paused - draft only","No","Keep paused initially. Test only after strong negatives, de-duplicated conversion tracking, conversion-based bidding, and sufficient qualified conversion volume; stop on irrelevant-query or low-quality-lead signals."
"Building permit approval","Search | Authority Approvals | Dubai","Building Permit Approval","warehouse authority approvals dubai","Broad","Transactional","High","Unproven - pilot","High (directional estimate)","https://emitronix.ae/dubai-municipality-approval","Hold - data gate","Paused - draft only","No","Keep paused initially. Test only after strong negatives, de-duplicated conversion tracking, conversion-based bidding, and sufficient qualified conversion volume; stop on irrelevant-query or low-quality-lead signals."
