URL,language,page type,intended indexability,GSC reason,HTTP status,robots/noindex,declared canonical,Google-selected canonical when available,sitemap inclusion,internal links,evidence/root cause,correction,verification,submission status,remaining action
https://emitronix.ae/,English,Home,Index,,200,"index, follow",https://emitronix.ae/,Not available in aggregate report,Yes,207,Canonical sitemap URL,No correction required,HTTP 200; self canonical; 207 internal source page(s),Not submitted individually,Monitor normal crawling and indexing
https://emitronix.ae/_next/static/media/e4af272ccee01ff0-s.p.woff2,English,Resource,Exclude: non-HTML resource,Crawled - currently not indexed,200,No noindex detected,,Not available in aggregate report,No,0,"Manifest and font files are supporting resources, not standalone search documents.",No change; these resources must remain crawlable for rendering.,HTTP 200; no HTML canonical; 0 internal source page(s),Not submitted individually,Expected non-page status.
https://emitronix.ae/&,English,Site page,Exclude: malformed URL,Not found (404),404,"noindex | noindex, follow",,Not available in aggregate report,No,0,Malformed one-character URL discovered historically; no relevant replacement exists.,Keep a genuine 404 with noindex; do not redirect unrelated URLs.,HTTP 404; no HTML canonical; 0 internal source page(s),Not submitted individually,Expected exclusion; no validation request.
https://emitronix.ae/$,English,Site page,Exclude: malformed URL,Not found (404),404,"noindex | noindex, follow",,Not available in aggregate report,No,0,Malformed one-character URL discovered historically; no relevant replacement exists.,Keep a genuine 404 with noindex; do not redirect unrelated URLs.,HTTP 404; no HTML canonical; 0 internal source page(s),Not submitted individually,Expected exclusion; no validation request.
https://emitronix.ae/about,English,Site page,Index,,200,"index, follow",https://emitronix.ae/about,Not available in aggregate report,Yes,207,Canonical sitemap URL,No correction required,HTTP 200; self canonical; 207 internal source page(s),Not submitted individually,Monitor normal crawling and indexing
https://emitronix.ae/accessibility,English,Site page,Index,,200,"index, follow",https://emitronix.ae/accessibility,Not available in aggregate report,Yes,206,Canonical sitemap URL,No correction required,HTTP 200; self canonical; 206 internal source page(s),Not submitted individually,Monitor normal crawling and indexing
https://emitronix.ae/approval,English,Authority approval,Index,,200,"index, follow",https://emitronix.ae/approval,Not available in aggregate report,Yes,207,Canonical sitemap URL,No correction required,HTTP 200; self canonical; 207 internal source page(s),Not submitted individually,Monitor normal crawling and indexing
https://emitronix.ae/approvals,English,Authority approval,Exclude: canonical redirect,Page with redirect,308,No noindex detected,,Not available in aggregate report,No,0,Legacy alias or normalized locale URL points to the preferred canonical route.,Keep one permanent redirect; sitemap and internal links use the destination.,HTTP 308 -> https://emitronix.ae/approval,Not submitted individually,Expected exclusion; monitor only.
https://emitronix.ae/ar,Arabic,Home,Index,,200,"index, follow",https://emitronix.ae/ar,Not available in aggregate report,Yes,205,Canonical sitemap URL,No correction required,HTTP 200; self canonical; 205 internal source page(s),Not submitted individually,Monitor normal crawling and indexing
https://emitronix.ae/ar/,Arabic,Home,Exclude: canonical redirect,Page with redirect,308,No noindex detected,,Not available in aggregate report,No,0,Legacy alias or normalized locale URL points to the preferred canonical route.,Keep one permanent redirect; sitemap and internal links use the destination.,HTTP 308 -> https://emitronix.ae/ar,Not submitted individually,Expected exclusion; monitor only.
https://emitronix.ae/ar/about,Arabic,Site page,Index,,200,"index, follow",https://emitronix.ae/ar/about,Not available in aggregate report,Yes,40,Canonical sitemap URL,No correction required,HTTP 200; self canonical; 40 internal source page(s),Not submitted individually,Monitor normal crawling and indexing
https://emitronix.ae/ar/approval,Arabic,Authority approval,Index,,200,"index, follow",https://emitronix.ae/ar/approval,Not available in aggregate report,Yes,40,Canonical sitemap URL,No correction required,HTTP 200; self canonical; 40 internal source page(s),Not submitted individually,Monitor normal crawling and indexing
https://emitronix.ae/ar/approvals,Arabic,Authority approval,Exclude: canonical redirect,Page with redirect,308,No noindex detected,,Not available in aggregate report,No,0,Legacy alias or normalized locale URL points to the preferred canonical route.,Keep one permanent redirect; sitemap and internal links use the destination.,HTTP 308 -> https://emitronix.ae/ar/approval,Not submitted individually,Expected exclusion; monitor only.
https://emitronix.ae/ar/blog,Arabic,Site page,Index,,200,"index, follow",https://emitronix.ae/ar/blog,Not available in aggregate report,Yes,7,Canonical sitemap URL,No correction required,HTTP 200; self canonical; 7 internal source page(s),Not submitted individually,Monitor normal crawling and indexing
https://emitronix.ae/ar/blog/choose-best-building-contractor-dubai,Arabic,Article,Index,,200,"index, follow",https://emitronix.ae/ar/blog/choose-best-building-contractor-dubai,Not available in aggregate report,Yes,2,Canonical sitemap URL,No correction required,HTTP 200; self canonical; 2 internal source page(s),Not submitted individually,Monitor normal crawling and indexing
https://emitronix.ae/ar/blog/complete-guide-civil-construction-dubai-2026,Arabic,Article,Index,,200,"index, follow",https://emitronix.ae/ar/blog/complete-guide-civil-construction-dubai-2026,Not available in aggregate report,Yes,2,Canonical sitemap URL,No correction required,HTTP 200; self canonical; 2 internal source page(s),Not submitted individually,Monitor normal crawling and indexing
https://emitronix.ae/ar/blog/construction-cost-saving-tips-dubai,Arabic,Article,Exclude: retired URL,Not found (404),308,No noindex detected,,Not available in aggregate report,No,0,A former templated article was withdrawn because it did not meet the current editorial differentiation standard.,Added a permanent redirect to the closest current canonical resource.,HTTP 308 -> https://emitronix.ae/ar/project-management,Not submitted individually,"Verify production redirect, then allow Google to recrawl."
https://emitronix.ae/ar/blog/dubai-authority-approvals-dewa-dubai-municipality-dcd-trakhees,Arabic,Article,Index,,200,"index, follow",https://emitronix.ae/ar/blog/dubai-authority-approvals-dewa-dubai-municipality-dcd-trakhees,Not available in aggregate report,Yes,2,Canonical sitemap URL,No correction required,HTTP 200; self canonical; 2 internal source page(s),Not submitted individually,Monitor normal crawling and indexing
https://emitronix.ae/ar/blog/industrial-building-planning-guide-uae,Arabic,Article,Exclude: retired URL,Not found (404),308,No noindex detected,,Not available in aggregate report,No,0,A former templated article was withdrawn because it did not meet the current editorial differentiation standard.,Added a permanent redirect to the closest current canonical resource.,HTTP 308 -> https://emitronix.ae/ar/industrial-buildings,Not submitted individually,"Verify production redirect, then allow Google to recrawl."
https://emitronix.ae/ar/blog/main-contractor-vs-general-contractor-dubai,Arabic,Article,Exclude: retired URL,Not found (404),308,No noindex detected,,Not available in aggregate report,No,0,A former templated article was withdrawn because it did not meet the current editorial differentiation standard.,Added a permanent redirect to the closest current canonical resource.,HTTP 308 -> https://emitronix.ae/ar/main-contracting,Not submitted individually,"Verify production redirect, then allow Google to recrawl."
https://emitronix.ae/ar/blog/villa-construction-process-dubai,Arabic,Article,Exclude: retired URL,Not found (404),308,No noindex detected,,Not available in aggregate report,No,0,A former templated article was withdrawn because it did not meet the current editorial differentiation standard.,Added a permanent redirect to the closest current canonical resource.,HTTP 308 -> https://emitronix.ae/ar/villa-construction,Not submitted individually,"Verify production redirect, then allow Google to recrawl."
https://emitronix.ae/ar/blog/warehouse-construction-cost-dubai,Arabic,Article,Exclude: retired URL,Not found (404),308,No noindex detected,,Not available in aggregate report,No,0,A former templated article was withdrawn because it did not meet the current editorial differentiation standard.,Added a permanent redirect to the closest current canonical resource.,HTTP 308 -> https://emitronix.ae/ar/warehouse-construction,Not submitted individually,"Verify production redirect, then allow Google to recrawl."
https://emitronix.ae/ar/blog/warehouse-construction-dubai-planning-design-authority-approvals,Arabic,Article,Index,,200,"index, follow",https://emitronix.ae/ar/blog/warehouse-construction-dubai-planning-design-authority-approvals,Not available in aggregate report,Yes,2,Canonical sitemap URL,No correction required,HTTP 200; self canonical; 2 internal source page(s),Not submitted individually,Monitor normal crawling and indexing
https://emitronix.ae/ar/building-renovation,Arabic,Service,Index,,200,"index, follow",https://emitronix.ae/ar/building-renovation,Not available in aggregate report,Yes,40,Canonical sitemap URL,No correction required,HTTP 200; self canonical; 40 internal source page(s),Not submitted individually,Monitor normal crawling and indexing
https://emitronix.ae/ar/careers,Arabic,Site page,Index,,200,"index, follow",https://emitronix.ae/ar/careers,Not available in aggregate report,Yes,1,Canonical sitemap URL,No correction required,HTTP 200; self canonical; 1 internal source page(s),Not submitted individually,Monitor normal crawling and indexing
https://emitronix.ae/ar/civil,Arabic,Service,Index,,200,"index, follow",https://emitronix.ae/ar/civil,Not available in aggregate report,Yes,40,Canonical sitemap URL,No correction required,HTTP 200; self canonical; 40 internal source page(s),Not submitted individually,Monitor normal crawling and indexing
https://emitronix.ae/ar/commercial-buildings,Arabic,Service,Index,,200,"index, follow",https://emitronix.ae/ar/commercial-buildings,Not available in aggregate report,Yes,40,Canonical sitemap URL,No correction required,HTTP 200; self canonical; 40 internal source page(s),Not submitted individually,Monitor normal crawling and indexing
https://emitronix.ae/ar/concordia-dmcc-approvals,Arabic,Authority approval,Index,,200,"index, follow",https://emitronix.ae/ar/concordia-dmcc-approvals,Not available in aggregate report,Yes,40,Canonical sitemap URL,No correction required,HTTP 200; self canonical; 40 internal source page(s),Not submitted individually,Monitor normal crawling and indexing
https://emitronix.ae/ar/contact,Arabic,Site page,Index,,200,"index, follow",https://emitronix.ae/ar/contact,Not available in aggregate report,Yes,42,Canonical sitemap URL,No correction required,HTTP 200; self canonical; 42 internal source page(s),Not submitted individually,Monitor normal crawling and indexing
https://emitronix.ae/ar/contact?intent=site-visit,Arabic,Site page,Exclude: alternate URL,Alternate page with proper canonical tag,200,"index, follow",https://emitronix.ae/ar/contact,Not available in aggregate report,No,0,Query-state URL or historical service alias consolidates to a canonical page.,Preserve useful query behavior and canonical consolidation; aliases permanently redirect.,HTTP 200; canonical https://emitronix.ae/ar/contact; 0 internal source page(s),Not submitted individually,Expected exclusion; monitor only.
https://emitronix.ae/ar/cookie-policy,Arabic,Site page,Index,,200,"index, follow",https://emitronix.ae/ar/cookie-policy,Not available in aggregate report,Yes,41,Canonical sitemap URL,No correction required,HTTP 200; self canonical; 41 internal source page(s),Not submitted individually,Monitor normal crawling and indexing
https://emitronix.ae/ar/dcd-approvals,Arabic,Authority approval,Index,,200,"index, follow",https://emitronix.ae/ar/dcd-approvals,Not available in aggregate report,Yes,40,Canonical sitemap URL,No correction required,HTTP 200; self canonical; 40 internal source page(s),Not submitted individually,Monitor normal crawling and indexing
https://emitronix.ae/ar/dda-approvals,Arabic,Authority approval,Index,,200,"index, follow",https://emitronix.ae/ar/dda-approvals,Not available in aggregate report,Yes,40,Canonical sitemap URL,No correction required,HTTP 200; self canonical; 40 internal source page(s),Not submitted individually,Monitor normal crawling and indexing
https://emitronix.ae/ar/design-build,Arabic,Service,Index,,200,"index, follow",https://emitronix.ae/ar/design-build,Not available in aggregate report,Yes,40,Canonical sitemap URL,No correction required,HTTP 200; self canonical; 40 internal source page(s),Not submitted individually,Monitor normal crawling and indexing
https://emitronix.ae/ar/dewa-approvals,Arabic,Authority approval,Index,,200,"index, follow",https://emitronix.ae/ar/dewa-approvals,Not available in aggregate report,Yes,40,Canonical sitemap URL,No correction required,HTTP 200; self canonical; 40 internal source page(s),Not submitted individually,Monitor normal crawling and indexing
https://emitronix.ae/ar/difc-approvals,Arabic,Authority approval,Index,,200,"index, follow",https://emitronix.ae/ar/difc-approvals,Not available in aggregate report,Yes,40,Canonical sitemap URL,No correction required,HTTP 200; self canonical; 40 internal source page(s),Not submitted individually,Monitor normal crawling and indexing
https://emitronix.ae/ar/dubai-municipality-approval,Arabic,Authority approval,Index,,200,"index, follow",https://emitronix.ae/ar/dubai-municipality-approval,Not available in aggregate report,Yes,40,Canonical sitemap URL,No correction required,HTTP 200; self canonical; 40 internal source page(s),Not submitted individually,Monitor normal crawling and indexing
https://emitronix.ae/ar/html-sitemap,Arabic,Site page,Index,,200,"index, follow",https://emitronix.ae/ar/html-sitemap,Not available in aggregate report,Yes,40,Canonical sitemap URL,No correction required,HTTP 200; self canonical; 40 internal source page(s),Not submitted individually,Monitor normal crawling and indexing
https://emitronix.ae/ar/industrial-buildings,Arabic,Service,Index,,200,"index, follow",https://emitronix.ae/ar/industrial-buildings,Not available in aggregate report,Yes,40,Canonical sitemap URL,No correction required,HTTP 200; self canonical; 40 internal source page(s),Not submitted individually,Monitor normal crawling and indexing
https://emitronix.ae/ar/industries,Arabic,Site page,Index,,200,"index, follow",https://emitronix.ae/ar/industries,Not available in aggregate report,Yes,40,Canonical sitemap URL,No correction required,HTTP 200; self canonical; 40 internal source page(s),Not submitted individually,Monitor normal crawling and indexing
https://emitronix.ae/ar/interior,Arabic,Service,Index,,200,"index, follow",https://emitronix.ae/ar/interior,Not available in aggregate report,Yes,40,Canonical sitemap URL,No correction required,HTTP 200; self canonical; 40 internal source page(s),Not submitted individually,Monitor normal crawling and indexing
https://emitronix.ae/ar/main-contracting,Arabic,Service,Index,,200,"index, follow",https://emitronix.ae/ar/main-contracting,Not available in aggregate report,Yes,40,Canonical sitemap URL,No correction required,HTTP 200; self canonical; 40 internal source page(s),Not submitted individually,Monitor normal crawling and indexing
https://emitronix.ae/ar/privacy-policy,Arabic,Site page,Index,,200,"index, follow",https://emitronix.ae/ar/privacy-policy,Not available in aggregate report,Yes,41,Canonical sitemap URL,No correction required,HTTP 200; self canonical; 41 internal source page(s),Not submitted individually,Monitor normal crawling and indexing
https://emitronix.ae/ar/project-management,Arabic,Service,Index,,200,"index, follow",https://emitronix.ae/ar/project-management,Not available in aggregate report,Yes,40,Canonical sitemap URL,No correction required,HTTP 200; self canonical; 40 internal source page(s),Not submitted individually,Monitor normal crawling and indexing
https://emitronix.ae/ar/projects,Arabic,Site page,Index,,200,"index, follow",https://emitronix.ae/ar/projects,Not available in aggregate report,Yes,40,Canonical sitemap URL,No correction required,HTTP 200; self canonical; 40 internal source page(s),Not submitted individually,Monitor normal crawling and indexing
https://emitronix.ae/ar/resources,Arabic,Site page,Index,,200,"index, follow",https://emitronix.ae/ar/resources,Not available in aggregate report,Yes,40,Canonical sitemap URL,No correction required,HTTP 200; self canonical; 40 internal source page(s),Not submitted individually,Monitor normal crawling and indexing
https://emitronix.ae/ar/rta-approval,Arabic,Authority approval,Index,,200,"index, follow",https://emitronix.ae/ar/rta-approval,Not available in aggregate report,Yes,40,Canonical sitemap URL,No correction required,HTTP 200; self canonical; 40 internal source page(s),Not submitted individually,Monitor normal crawling and indexing
https://emitronix.ae/ar/services,Arabic,Site page,Index,,200,"index, follow",https://emitronix.ae/ar/services,Not available in aggregate report,Yes,40,Canonical sitemap URL,No correction required,HTTP 200; self canonical; 40 internal source page(s),Not submitted individually,Monitor normal crawling and indexing
https://emitronix.ae/ar/services/civil,Arabic,Site page,Exclude: canonical redirect,Page with redirect,308,No noindex detected,,Not available in aggregate report,No,0,Legacy alias or normalized locale URL points to the preferred canonical route.,Keep one permanent redirect; sitemap and internal links use the destination.,HTTP 308 -> https://emitronix.ae/ar/civil,Not submitted individually,Expected exclusion; monitor only.
https://emitronix.ae/ar/services/civil-contracting,Arabic,Site page,Exclude: alternate URL,Alternate page with proper canonical tag,308,No noindex detected,,Not available in aggregate report,No,0,Query-state URL or historical service alias consolidates to a canonical page.,Preserve useful query behavior and canonical consolidation; aliases permanently redirect.,HTTP 308 -> https://emitronix.ae/ar/civil,Not submitted individually,Expected exclusion; monitor only.
https://emitronix.ae/ar/services/commercial-buildings,Arabic,Site page,Exclude: alternate URL,Alternate page with proper canonical tag,308,No noindex detected,,Not available in aggregate report,No,0,Query-state URL or historical service alias consolidates to a canonical page.,Preserve useful query behavior and canonical consolidation; aliases permanently redirect.,HTTP 308 -> https://emitronix.ae/ar/commercial-buildings,Not submitted individually,Expected exclusion; monitor only.
https://emitronix.ae/ar/services/design-build,Arabic,Site page,Exclude: alternate URL,Alternate page with proper canonical tag,308,No noindex detected,,Not available in aggregate report,No,0,Query-state URL or historical service alias consolidates to a canonical page.,Preserve useful query behavior and canonical consolidation; aliases permanently redirect.,HTTP 308 -> https://emitronix.ae/ar/design-build,Not submitted individually,Expected exclusion; monitor only.
https://emitronix.ae/ar/services/industrial-buildings,Arabic,Site page,Exclude: alternate URL,Alternate page with proper canonical tag,308,No noindex detected,,Not available in aggregate report,No,0,Query-state URL or historical service alias consolidates to a canonical page.,Preserve useful query behavior and canonical consolidation; aliases permanently redirect.,HTTP 308 -> https://emitronix.ae/ar/industrial-buildings,Not submitted individually,Expected exclusion; monitor only.
https://emitronix.ae/ar/services/interior,Arabic,Site page,Exclude: alternate URL,Alternate page with proper canonical tag,308,No noindex detected,,Not available in aggregate report,No,0,Query-state URL or historical service alias consolidates to a canonical page.,Preserve useful query behavior and canonical consolidation; aliases permanently redirect.,HTTP 308 -> https://emitronix.ae/ar/interior,Not submitted individually,Expected exclusion; monitor only.
https://emitronix.ae/ar/services/interior-fit-out,Arabic,Site page,Exclude: alternate URL,Alternate page with proper canonical tag,308,No noindex detected,,Not available in aggregate report,No,0,Query-state URL or historical service alias consolidates to a canonical page.,Preserve useful query behavior and canonical consolidation; aliases permanently redirect.,HTTP 308 -> https://emitronix.ae/ar/interior,Not submitted individually,Expected exclusion; monitor only.
https://emitronix.ae/ar/services/main-contracting,Arabic,Site page,Exclude: alternate URL,Alternate page with proper canonical tag,308,No noindex detected,,Not available in aggregate report,No,0,Query-state URL or historical service alias consolidates to a canonical page.,Preserve useful query behavior and canonical consolidation; aliases permanently redirect.,HTTP 308 -> https://emitronix.ae/ar/main-contracting,Not submitted individually,Expected exclusion; monitor only.
https://emitronix.ae/ar/services/project-management,Arabic,Site page,Exclude: alternate URL,Alternate page with proper canonical tag,308,No noindex detected,,Not available in aggregate report,No,0,Query-state URL or historical service alias consolidates to a canonical page.,Preserve useful query behavior and canonical consolidation; aliases permanently redirect.,HTTP 308 -> https://emitronix.ae/ar/project-management,Not submitted individually,Expected exclusion; monitor only.
https://emitronix.ae/ar/services/structural-works,Arabic,Site page,Exclude: alternate URL,Alternate page with proper canonical tag,308,No noindex detected,,Not available in aggregate report,No,0,Query-state URL or historical service alias consolidates to a canonical page.,Preserve useful query behavior and canonical consolidation; aliases permanently redirect.,HTTP 308 -> https://emitronix.ae/ar/structural-works,Not submitted individually,Expected exclusion; monitor only.
https://emitronix.ae/ar/services/turnkey-construction,Arabic,Site page,Exclude: alternate URL,Alternate page with proper canonical tag,308,No noindex detected,,Not available in aggregate report,No,0,Query-state URL or historical service alias consolidates to a canonical page.,Preserve useful query behavior and canonical consolidation; aliases permanently redirect.,HTTP 308 -> https://emitronix.ae/ar/turnkey-construction,Not submitted individually,Expected exclusion; monitor only.
https://emitronix.ae/ar/services/villa-construction,Arabic,Site page,Exclude: alternate URL,Alternate page with proper canonical tag,308,No noindex detected,,Not available in aggregate report,No,0,Query-state URL or historical service alias consolidates to a canonical page.,Preserve useful query behavior and canonical consolidation; aliases permanently redirect.,HTTP 308 -> https://emitronix.ae/ar/villa-construction,Not submitted individually,Expected exclusion; monitor only.
https://emitronix.ae/ar/services/warehouse-construction,Arabic,Site page,Exclude: alternate URL,Alternate page with proper canonical tag,308,No noindex detected,,Not available in aggregate report,No,0,Query-state URL or historical service alias consolidates to a canonical page.,Preserve useful query behavior and canonical consolidation; aliases permanently redirect.,HTTP 308 -> https://emitronix.ae/ar/warehouse-construction,Not submitted individually,Expected exclusion; monitor only.
https://emitronix.ae/ar/structural-works,Arabic,Service,Index,,200,"index, follow",https://emitronix.ae/ar/structural-works,Not available in aggregate report,Yes,40,Canonical sitemap URL,No correction required,HTTP 200; self canonical; 40 internal source page(s),Not submitted individually,Monitor normal crawling and indexing
https://emitronix.ae/ar/terms-and-conditions,Arabic,Site page,Index,,200,"index, follow",https://emitronix.ae/ar/terms-and-conditions,Not available in aggregate report,Yes,41,Canonical sitemap URL,No correction required,HTTP 200; self canonical; 41 internal source page(s),Not submitted individually,Monitor normal crawling and indexing
https://emitronix.ae/ar/trakhees-approvals,Arabic,Authority approval,Index,,200,"index, follow",https://emitronix.ae/ar/trakhees-approvals,Not available in aggregate report,Yes,40,Canonical sitemap URL,No correction required,HTTP 200; self canonical; 40 internal source page(s),Not submitted individually,Monitor normal crawling and indexing
https://emitronix.ae/ar/turnkey-construction,Arabic,Service,Index,,200,"index, follow",https://emitronix.ae/ar/turnkey-construction,Not available in aggregate report,Yes,40,Canonical sitemap URL,No correction required,HTTP 200; self canonical; 40 internal source page(s),Not submitted individually,Monitor normal crawling and indexing
https://emitronix.ae/ar/villa-construction,Arabic,Service,Index,,200,"index, follow",https://emitronix.ae/ar/villa-construction,Not available in aggregate report,Yes,40,Canonical sitemap URL,No correction required,HTTP 200; self canonical; 40 internal source page(s),Not submitted individually,Monitor normal crawling and indexing
https://emitronix.ae/ar/warehouse-construction,Arabic,Service,Index,,200,"index, follow",https://emitronix.ae/ar/warehouse-construction,Not available in aggregate report,Yes,40,Canonical sitemap URL,No correction required,HTTP 200; self canonical; 40 internal source page(s),Not submitted individually,Monitor normal crawling and indexing
https://emitronix.ae/blog,English,Site page,Index,,200,"index, follow",https://emitronix.ae/blog,Not available in aggregate report,Yes,109,Canonical sitemap URL,No correction required,HTTP 200; self canonical; 109 internal source page(s),Not submitted individually,Monitor normal crawling and indexing
https://emitronix.ae/blog/choose-best-building-contractor-dubai,English,Article,Index,,200,"index, follow",https://emitronix.ae/blog/choose-best-building-contractor-dubai,Not available in aggregate report,Yes,8,Canonical sitemap URL,No correction required,HTTP 200; self canonical; 8 internal source page(s),Not submitted individually,Monitor normal crawling and indexing
https://emitronix.ae/blog/cold-storage-warehouse-construction-approval-checklist,English,Article,Index,Discovered - currently not indexed,200,"index, follow",https://emitronix.ae/blog/cold-storage-warehouse-construction-approval-checklist,Not available in aggregate report,Yes,4,"Canonical URL is in the sitemap and linked from its hub, but Google had not crawled it when the report was generated.",No blanket submission or artificial freshness; prioritize differentiation and crawl demand at cluster level.,HTTP 200; self canonical; 4 internal source page(s),Not submitted individually,Recheck after sitemap processing; consolidate overlapping warehouse pages only after business approval.
https://emitronix.ae/blog/cold-storage-warehouse-construction-contractor-selection,English,Article,Index,,200,"index, follow",https://emitronix.ae/blog/cold-storage-warehouse-construction-contractor-selection,Not available in aggregate report,Yes,4,Canonical sitemap URL,No correction required,HTTP 200; self canonical; 4 internal source page(s),Not submitted individually,Monitor normal crawling and indexing
https://emitronix.ae/blog/cold-storage-warehouse-construction-cost-factors,English,Article,Index,,200,"index, follow",https://emitronix.ae/blog/cold-storage-warehouse-construction-cost-factors,Not available in aggregate report,Yes,4,Canonical sitemap URL,No correction required,HTTP 200; self canonical; 4 internal source page(s),Not submitted individually,Monitor normal crawling and indexing
https://emitronix.ae/blog/cold-storage-warehouse-construction-planning-guide,English,Article,Index,,200,"index, follow",https://emitronix.ae/blog/cold-storage-warehouse-construction-planning-guide,Not available in aggregate report,Yes,7,Canonical sitemap URL,No correction required,HTTP 200; self canonical; 7 internal source page(s),Not submitted individually,Monitor normal crawling and indexing
https://emitronix.ae/blog/cold-storage-warehouse-construction-timeline-process,English,Article,Index,Discovered - currently not indexed,200,"index, follow",https://emitronix.ae/blog/cold-storage-warehouse-construction-timeline-process,Not available in aggregate report,Yes,4,"Canonical URL is in the sitemap and linked from its hub, but Google had not crawled it when the report was generated.",No blanket submission or artificial freshness; prioritize differentiation and crawl demand at cluster level.,HTTP 200; self canonical; 4 internal source page(s),Not submitted individually,Recheck after sitemap processing; consolidate overlapping warehouse pages only after business approval.
https://emitronix.ae/blog/complete-guide-civil-construction-dubai-2026,English,Article,Index,,200,"index, follow",https://emitronix.ae/blog/complete-guide-civil-construction-dubai-2026,Not available in aggregate report,Yes,8,Canonical sitemap URL,No correction required,HTTP 200; self canonical; 8 internal source page(s),Not submitted individually,Monitor normal crawling and indexing
https://emitronix.ae/blog/construction-cost-saving-tips-dubai,English,Article,Exclude: retired URL,Not found (404),308,No noindex detected,,Not available in aggregate report,No,0,A former templated article was withdrawn because it did not meet the current editorial differentiation standard.,Added a permanent redirect to the closest current canonical resource.,HTTP 308 -> https://emitronix.ae/project-management,Not submitted individually,"Verify production redirect, then allow Google to recrawl."
https://emitronix.ae/blog/dubai-authority-approvals-dewa-dubai-municipality-dcd-trakhees,English,Article,Index,,200,"index, follow",https://emitronix.ae/blog/dubai-authority-approvals-dewa-dubai-municipality-dcd-trakhees,Not available in aggregate report,Yes,9,Canonical sitemap URL,No correction required,HTTP 200; self canonical; 9 internal source page(s),Not submitted individually,Monitor normal crawling and indexing
https://emitronix.ae/blog/factory-construction-uae-approval-checklist,English,Article,Index,Crawled - currently not indexed,200,"index, follow",https://emitronix.ae/blog/factory-construction-uae-approval-checklist,Not available in aggregate report,Yes,4,Aggregate report is stale; live URL Inspection now reports the canonical content URL as indexed.,No code change required after direct inspection.,"URL Inspection reported indexed on 2026-09-07; crawl allowed, fetch successful, indexing allowed and Google-selected canonical matched.",Not submitted individually,Wait for aggregate report refresh.
https://emitronix.ae/blog/factory-construction-uae-contractor-selection,English,Article,Index,,200,"index, follow",https://emitronix.ae/blog/factory-construction-uae-contractor-selection,Not available in aggregate report,Yes,4,Canonical sitemap URL,No correction required,HTTP 200; self canonical; 4 internal source page(s),Not submitted individually,Monitor normal crawling and indexing
https://emitronix.ae/blog/factory-construction-uae-cost-factors,English,Article,Index,,200,"index, follow",https://emitronix.ae/blog/factory-construction-uae-cost-factors,Not available in aggregate report,Yes,4,Canonical sitemap URL,No correction required,HTTP 200; self canonical; 4 internal source page(s),Not submitted individually,Monitor normal crawling and indexing
https://emitronix.ae/blog/factory-construction-uae-planning-guide,English,Article,Index,,200,"index, follow",https://emitronix.ae/blog/factory-construction-uae-planning-guide,Not available in aggregate report,Yes,7,Canonical sitemap URL,No correction required,HTTP 200; self canonical; 7 internal source page(s),Not submitted individually,Monitor normal crawling and indexing
https://emitronix.ae/blog/factory-construction-uae-timeline-process,English,Article,Index,,200,"index, follow",https://emitronix.ae/blog/factory-construction-uae-timeline-process,Not available in aggregate report,Yes,4,Canonical sitemap URL,No correction required,HTTP 200; self canonical; 4 internal source page(s),Not submitted individually,Monitor normal crawling and indexing
https://emitronix.ae/blog/industrial-building-construction-dubai-approval-checklist,English,Article,Index,Discovered - currently not indexed,200,"index, follow",https://emitronix.ae/blog/industrial-building-construction-dubai-approval-checklist,Not available in aggregate report,Yes,4,"Canonical URL is in the sitemap and linked from its hub, but Google had not crawled it when the report was generated.",No blanket submission or artificial freshness; prioritize differentiation and crawl demand at cluster level.,HTTP 200; self canonical; 4 internal source page(s),Not submitted individually,Recheck after sitemap processing; consolidate overlapping warehouse pages only after business approval.
https://emitronix.ae/blog/industrial-building-construction-dubai-contractor-selection,English,Article,Index,,200,"index, follow",https://emitronix.ae/blog/industrial-building-construction-dubai-contractor-selection,Not available in aggregate report,Yes,4,Canonical sitemap URL,No correction required,HTTP 200; self canonical; 4 internal source page(s),Not submitted individually,Monitor normal crawling and indexing
https://emitronix.ae/blog/industrial-building-construction-dubai-cost-factors,English,Article,Index,,200,"index, follow",https://emitronix.ae/blog/industrial-building-construction-dubai-cost-factors,Not available in aggregate report,Yes,4,Canonical sitemap URL,No correction required,HTTP 200; self canonical; 4 internal source page(s),Not submitted individually,Monitor normal crawling and indexing
https://emitronix.ae/blog/industrial-building-construction-dubai-planning-guide,English,Article,Index,,200,"index, follow",https://emitronix.ae/blog/industrial-building-construction-dubai-planning-guide,Not available in aggregate report,Yes,7,Canonical sitemap URL,No correction required,HTTP 200; self canonical; 7 internal source page(s),Not submitted individually,Monitor normal crawling and indexing
https://emitronix.ae/blog/industrial-building-construction-dubai-timeline-process,English,Article,Index,,200,"index, follow",https://emitronix.ae/blog/industrial-building-construction-dubai-timeline-process,Not available in aggregate report,Yes,4,Canonical sitemap URL,No correction required,HTTP 200; self canonical; 4 internal source page(s),Not submitted individually,Monitor normal crawling and indexing
https://emitronix.ae/blog/industrial-warehouse-construction-uae-approval-checklist,English,Article,Index,,200,"index, follow",https://emitronix.ae/blog/industrial-warehouse-construction-uae-approval-checklist,Not available in aggregate report,Yes,4,Canonical sitemap URL,No correction required,HTTP 200; self canonical; 4 internal source page(s),Not submitted individually,Monitor normal crawling and indexing
https://emitronix.ae/blog/industrial-warehouse-construction-uae-contractor-selection,English,Article,Index,Discovered - currently not indexed,200,"index, follow",https://emitronix.ae/blog/industrial-warehouse-construction-uae-contractor-selection,Not available in aggregate report,Yes,4,"Canonical URL is in the sitemap and linked from its hub, but Google had not crawled it when the report was generated.",No blanket submission or artificial freshness; prioritize differentiation and crawl demand at cluster level.,HTTP 200; self canonical; 4 internal source page(s),Not submitted individually,Recheck after sitemap processing; consolidate overlapping warehouse pages only after business approval.
https://emitronix.ae/blog/industrial-warehouse-construction-uae-cost-factors,English,Article,Index,,200,"index, follow",https://emitronix.ae/blog/industrial-warehouse-construction-uae-cost-factors,Not available in aggregate report,Yes,4,Canonical sitemap URL,No correction required,HTTP 200; self canonical; 4 internal source page(s),Not submitted individually,Monitor normal crawling and indexing
https://emitronix.ae/blog/industrial-warehouse-construction-uae-planning-guide,English,Article,Index,Discovered - currently not indexed,200,"index, follow",https://emitronix.ae/blog/industrial-warehouse-construction-uae-planning-guide,Not available in aggregate report,Yes,7,"Canonical URL is in the sitemap and linked from its hub, but Google had not crawled it when the report was generated.",No blanket submission or artificial freshness; prioritize differentiation and crawl demand at cluster level.,HTTP 200; self canonical; 7 internal source page(s),Not submitted individually,Recheck after sitemap processing; consolidate overlapping warehouse pages only after business approval.
https://emitronix.ae/blog/industrial-warehouse-construction-uae-timeline-process,English,Article,Index,,200,"index, follow",https://emitronix.ae/blog/industrial-warehouse-construction-uae-timeline-process,Not available in aggregate report,Yes,4,Canonical sitemap URL,No correction required,HTTP 200; self canonical; 4 internal source page(s),Not submitted individually,Monitor normal crawling and indexing
https://emitronix.ae/blog/logistics-warehouse-construction-approval-checklist,English,Article,Index,,200,"index, follow",https://emitronix.ae/blog/logistics-warehouse-construction-approval-checklist,Not available in aggregate report,Yes,4,Canonical sitemap URL,No correction required,HTTP 200; self canonical; 4 internal source page(s),Not submitted individually,Monitor normal crawling and indexing
https://emitronix.ae/blog/logistics-warehouse-construction-contractor-selection,English,Article,Index,,200,"index, follow",https://emitronix.ae/blog/logistics-warehouse-construction-contractor-selection,Not available in aggregate report,Yes,4,Canonical sitemap URL,No correction required,HTTP 200; self canonical; 4 internal source page(s),Not submitted individually,Monitor normal crawling and indexing
https://emitronix.ae/blog/logistics-warehouse-construction-cost-factors,English,Article,Index,,200,"index, follow",https://emitronix.ae/blog/logistics-warehouse-construction-cost-factors,Not available in aggregate report,Yes,4,Canonical sitemap URL,No correction required,HTTP 200; self canonical; 4 internal source page(s),Not submitted individually,Monitor normal crawling and indexing
https://emitronix.ae/blog/logistics-warehouse-construction-planning-guide,English,Article,Index,Discovered - currently not indexed,200,"index, follow",https://emitronix.ae/blog/logistics-warehouse-construction-planning-guide,Not available in aggregate report,Yes,7,"Canonical URL is in the sitemap and linked from its hub, but Google had not crawled it when the report was generated.",No blanket submission or artificial freshness; prioritize differentiation and crawl demand at cluster level.,HTTP 200; self canonical; 7 internal source page(s),Not submitted individually,Recheck after sitemap processing; consolidate overlapping warehouse pages only after business approval.
https://emitronix.ae/blog/logistics-warehouse-construction-timeline-process,English,Article,Index,,200,"index, follow",https://emitronix.ae/blog/logistics-warehouse-construction-timeline-process,Not available in aggregate report,Yes,4,Canonical sitemap URL,No correction required,HTTP 200; self canonical; 4 internal source page(s),Not submitted individually,Monitor normal crawling and indexing
https://emitronix.ae/blog/main-contractor-vs-general-contractor-dubai,English,Article,Exclude: retired URL,Not found (404),308,No noindex detected,,Not available in aggregate report,No,0,A former templated article was withdrawn because it did not meet the current editorial differentiation standard.,Added a permanent redirect to the closest current canonical resource.,HTTP 308 -> https://emitronix.ae/main-contracting,Not submitted individually,"Verify production redirect, then allow Google to recrawl."
https://emitronix.ae/blog/steel-warehouse-construction-dubai-approval-checklist,English,Article,Index,,200,"index, follow",https://emitronix.ae/blog/steel-warehouse-construction-dubai-approval-checklist,Not available in aggregate report,Yes,4,Canonical sitemap URL,No correction required,HTTP 200; self canonical; 4 internal source page(s),Not submitted individually,Monitor normal crawling and indexing
https://emitronix.ae/blog/steel-warehouse-construction-dubai-contractor-selection,English,Article,Index,,200,"index, follow",https://emitronix.ae/blog/steel-warehouse-construction-dubai-contractor-selection,Not available in aggregate report,Yes,4,Canonical sitemap URL,No correction required,HTTP 200; self canonical; 4 internal source page(s),Not submitted individually,Monitor normal crawling and indexing
https://emitronix.ae/blog/steel-warehouse-construction-dubai-cost-factors,English,Article,Index,,200,"index, follow",https://emitronix.ae/blog/steel-warehouse-construction-dubai-cost-factors,Not available in aggregate report,Yes,4,Canonical sitemap URL,No correction required,HTTP 200; self canonical; 4 internal source page(s),Not submitted individually,Monitor normal crawling and indexing
https://emitronix.ae/blog/steel-warehouse-construction-dubai-planning-guide,English,Article,Index,,200,"index, follow",https://emitronix.ae/blog/steel-warehouse-construction-dubai-planning-guide,Not available in aggregate report,Yes,7,Canonical sitemap URL,No correction required,HTTP 200; self canonical; 7 internal source page(s),Not submitted individually,Monitor normal crawling and indexing
https://emitronix.ae/blog/steel-warehouse-construction-dubai-timeline-process,English,Article,Index,,200,"index, follow",https://emitronix.ae/blog/steel-warehouse-construction-dubai-timeline-process,Not available in aggregate report,Yes,4,Canonical sitemap URL,No correction required,HTTP 200; self canonical; 4 internal source page(s),Not submitted individually,Monitor normal crawling and indexing
https://emitronix.ae/blog/villa-construction-process-dubai,English,Article,Exclude: retired URL,Not found (404),308,No noindex detected,,Not available in aggregate report,No,0,A former templated article was withdrawn because it did not meet the current editorial differentiation standard.,Added a permanent redirect to the closest current canonical resource.,HTTP 308 -> https://emitronix.ae/villa-construction,Not submitted individually,"Verify production redirect, then allow Google to recrawl."
https://emitronix.ae/blog/warehouse-authority-approvals-dubai-approval-checklist,English,Article,Index,,200,"index, follow",https://emitronix.ae/blog/warehouse-authority-approvals-dubai-approval-checklist,Not available in aggregate report,Yes,4,Canonical sitemap URL,No correction required,HTTP 200; self canonical; 4 internal source page(s),Not submitted individually,Monitor normal crawling and indexing
https://emitronix.ae/blog/warehouse-authority-approvals-dubai-contractor-selection,English,Article,Index,Discovered - currently not indexed,200,"index, follow",https://emitronix.ae/blog/warehouse-authority-approvals-dubai-contractor-selection,Not available in aggregate report,Yes,4,"Canonical URL is in the sitemap and linked from its hub, but Google had not crawled it when the report was generated.",No blanket submission or artificial freshness; prioritize differentiation and crawl demand at cluster level.,HTTP 200; self canonical; 4 internal source page(s),Not submitted individually,Recheck after sitemap processing; consolidate overlapping warehouse pages only after business approval.
https://emitronix.ae/blog/warehouse-authority-approvals-dubai-cost-factors,English,Article,Index,,200,"index, follow",https://emitronix.ae/blog/warehouse-authority-approvals-dubai-cost-factors,Not available in aggregate report,Yes,4,Canonical sitemap URL,No correction required,HTTP 200; self canonical; 4 internal source page(s),Not submitted individually,Monitor normal crawling and indexing
https://emitronix.ae/blog/warehouse-authority-approvals-dubai-planning-guide,English,Article,Index,,200,"index, follow",https://emitronix.ae/blog/warehouse-authority-approvals-dubai-planning-guide,Not available in aggregate report,Yes,7,Canonical sitemap URL,No correction required,HTTP 200; self canonical; 7 internal source page(s),Not submitted individually,Monitor normal crawling and indexing
https://emitronix.ae/blog/warehouse-authority-approvals-dubai-timeline-process,English,Article,Index,,200,"index, follow",https://emitronix.ae/blog/warehouse-authority-approvals-dubai-timeline-process,Not available in aggregate report,Yes,4,Canonical sitemap URL,No correction required,HTTP 200; self canonical; 4 internal source page(s),Not submitted individually,Monitor normal crawling and indexing
https://emitronix.ae/blog/warehouse-construction-cost-dubai,English,Article,Exclude: retired URL,Not found (404),308,No noindex detected,,Not available in aggregate report,No,0,A former templated article was withdrawn because it did not meet the current editorial differentiation standard.,Added a permanent redirect to the closest current canonical resource.,HTTP 308 -> https://emitronix.ae/warehouse/warehouse-cost-guide,Not submitted individually,"Verify production redirect, then allow Google to recrawl."
https://emitronix.ae/blog/warehouse-construction-dubai-approval-checklist,English,Article,Index,,200,"index, follow",https://emitronix.ae/blog/warehouse-construction-dubai-approval-checklist,Not available in aggregate report,Yes,5,Canonical sitemap URL,No correction required,HTTP 200; self canonical; 5 internal source page(s),Not submitted individually,Monitor normal crawling and indexing
https://emitronix.ae/blog/warehouse-construction-dubai-contractor-selection,English,Article,Index,,200,"index, follow",https://emitronix.ae/blog/warehouse-construction-dubai-contractor-selection,Not available in aggregate report,Yes,4,Canonical sitemap URL,No correction required,HTTP 200; self canonical; 4 internal source page(s),Not submitted individually,Monitor normal crawling and indexing
https://emitronix.ae/blog/warehouse-construction-dubai-cost-factors,English,Article,Index,,200,"index, follow",https://emitronix.ae/blog/warehouse-construction-dubai-cost-factors,Not available in aggregate report,Yes,4,Canonical sitemap URL,No correction required,HTTP 200; self canonical; 4 internal source page(s),Not submitted individually,Monitor normal crawling and indexing
https://emitronix.ae/blog/warehouse-construction-dubai-planning-design-authority-approvals,English,Article,Index,,200,"index, follow",https://emitronix.ae/blog/warehouse-construction-dubai-planning-design-authority-approvals,Not available in aggregate report,Yes,108,Canonical sitemap URL,No correction required,HTTP 200; self canonical; 108 internal source page(s),Not submitted individually,Monitor normal crawling and indexing
https://emitronix.ae/blog/warehouse-construction-dubai-planning-guide,English,Article,Index,,200,"index, follow",https://emitronix.ae/blog/warehouse-construction-dubai-planning-guide,Not available in aggregate report,Yes,8,Canonical sitemap URL,No correction required,HTTP 200; self canonical; 8 internal source page(s),Not submitted individually,Monitor normal crawling and indexing
https://emitronix.ae/blog/warehouse-construction-dubai-timeline-process,English,Article,Index,,200,"index, follow",https://emitronix.ae/blog/warehouse-construction-dubai-timeline-process,Not available in aggregate report,Yes,4,Canonical sitemap URL,No correction required,HTTP 200; self canonical; 4 internal source page(s),Not submitted individually,Monitor normal crawling and indexing
https://emitronix.ae/blog/warehouse-contractors-dubai-approval-checklist,English,Article,Index,,200,"index, follow",https://emitronix.ae/blog/warehouse-contractors-dubai-approval-checklist,Not available in aggregate report,Yes,4,Canonical sitemap URL,No correction required,HTTP 200; self canonical; 4 internal source page(s),Not submitted individually,Monitor normal crawling and indexing
https://emitronix.ae/blog/warehouse-contractors-dubai-contractor-selection,English,Article,Index,,200,"index, follow",https://emitronix.ae/blog/warehouse-contractors-dubai-contractor-selection,Not available in aggregate report,Yes,4,Canonical sitemap URL,No correction required,HTTP 200; self canonical; 4 internal source page(s),Not submitted individually,Monitor normal crawling and indexing
https://emitronix.ae/blog/warehouse-contractors-dubai-cost-factors,English,Article,Index,,200,"index, follow",https://emitronix.ae/blog/warehouse-contractors-dubai-cost-factors,Not available in aggregate report,Yes,4,Canonical sitemap URL,No correction required,HTTP 200; self canonical; 4 internal source page(s),Not submitted individually,Monitor normal crawling and indexing
https://emitronix.ae/blog/warehouse-contractors-dubai-planning-guide,English,Article,Index,,200,"index, follow",https://emitronix.ae/blog/warehouse-contractors-dubai-planning-guide,Not available in aggregate report,Yes,7,Canonical sitemap URL,No correction required,HTTP 200; self canonical; 7 internal source page(s),Not submitted individually,Monitor normal crawling and indexing
https://emitronix.ae/blog/warehouse-contractors-dubai-timeline-process,English,Article,Index,,200,"index, follow",https://emitronix.ae/blog/warehouse-contractors-dubai-timeline-process,Not available in aggregate report,Yes,4,Canonical sitemap URL,No correction required,HTTP 200; self canonical; 4 internal source page(s),Not submitted individually,Monitor normal crawling and indexing
https://emitronix.ae/blog/warehouse-cost-planning-dubai-approval-checklist,English,Article,Index,,200,"index, follow",https://emitronix.ae/blog/warehouse-cost-planning-dubai-approval-checklist,Not available in aggregate report,Yes,4,Canonical sitemap URL,No correction required,HTTP 200; self canonical; 4 internal source page(s),Not submitted individually,Monitor normal crawling and indexing
https://emitronix.ae/blog/warehouse-cost-planning-dubai-contractor-selection,English,Article,Index,,200,"index, follow",https://emitronix.ae/blog/warehouse-cost-planning-dubai-contractor-selection,Not available in aggregate report,Yes,4,Canonical sitemap URL,No correction required,HTTP 200; self canonical; 4 internal source page(s),Not submitted individually,Monitor normal crawling and indexing
https://emitronix.ae/blog/warehouse-cost-planning-dubai-cost-factors,English,Article,Index,,200,"index, follow",https://emitronix.ae/blog/warehouse-cost-planning-dubai-cost-factors,Not available in aggregate report,Yes,4,Canonical sitemap URL,No correction required,HTTP 200; self canonical; 4 internal source page(s),Not submitted individually,Monitor normal crawling and indexing
https://emitronix.ae/blog/warehouse-cost-planning-dubai-planning-guide,English,Article,Index,,200,"index, follow",https://emitronix.ae/blog/warehouse-cost-planning-dubai-planning-guide,Not available in aggregate report,Yes,7,Canonical sitemap URL,No correction required,HTTP 200; self canonical; 7 internal source page(s),Not submitted individually,Monitor normal crawling and indexing
https://emitronix.ae/blog/warehouse-cost-planning-dubai-timeline-process,English,Article,Index,,200,"index, follow",https://emitronix.ae/blog/warehouse-cost-planning-dubai-timeline-process,Not available in aggregate report,Yes,4,Canonical sitemap URL,No correction required,HTTP 200; self canonical; 4 internal source page(s),Not submitted individually,Monitor normal crawling and indexing
https://emitronix.ae/blog/warehouse-dcd-approvals-approval-checklist,English,Article,Index,,200,"index, follow",https://emitronix.ae/blog/warehouse-dcd-approvals-approval-checklist,Not available in aggregate report,Yes,4,Canonical sitemap URL,No correction required,HTTP 200; self canonical; 4 internal source page(s),Not submitted individually,Monitor normal crawling and indexing
https://emitronix.ae/blog/warehouse-dcd-approvals-contractor-selection,English,Article,Index,,200,"index, follow",https://emitronix.ae/blog/warehouse-dcd-approvals-contractor-selection,Not available in aggregate report,Yes,4,Canonical sitemap URL,No correction required,HTTP 200; self canonical; 4 internal source page(s),Not submitted individually,Monitor normal crawling and indexing
https://emitronix.ae/blog/warehouse-dcd-approvals-cost-factors,English,Article,Index,Discovered - currently not indexed,200,"index, follow",https://emitronix.ae/blog/warehouse-dcd-approvals-cost-factors,Not available in aggregate report,Yes,4,"Canonical URL is in the sitemap and linked from its hub, but Google had not crawled it when the report was generated.",No blanket submission or artificial freshness; prioritize differentiation and crawl demand at cluster level.,HTTP 200; self canonical; 4 internal source page(s),Not submitted individually,Recheck after sitemap processing; consolidate overlapping warehouse pages only after business approval.
https://emitronix.ae/blog/warehouse-dcd-approvals-planning-guide,English,Article,Index,,200,"index, follow",https://emitronix.ae/blog/warehouse-dcd-approvals-planning-guide,Not available in aggregate report,Yes,7,Canonical sitemap URL,No correction required,HTTP 200; self canonical; 7 internal source page(s),Not submitted individually,Monitor normal crawling and indexing
https://emitronix.ae/blog/warehouse-dcd-approvals-timeline-process,English,Article,Index,,200,"index, follow",https://emitronix.ae/blog/warehouse-dcd-approvals-timeline-process,Not available in aggregate report,Yes,4,Canonical sitemap URL,No correction required,HTTP 200; self canonical; 4 internal source page(s),Not submitted individually,Monitor normal crawling and indexing
https://emitronix.ae/blog/warehouse-design-and-build-dubai-approval-checklist,English,Article,Index,,200,"index, follow",https://emitronix.ae/blog/warehouse-design-and-build-dubai-approval-checklist,Not available in aggregate report,Yes,4,Canonical sitemap URL,No correction required,HTTP 200; self canonical; 4 internal source page(s),Not submitted individually,Monitor normal crawling and indexing
https://emitronix.ae/blog/warehouse-design-and-build-dubai-contractor-selection,English,Article,Index,,200,"index, follow",https://emitronix.ae/blog/warehouse-design-and-build-dubai-contractor-selection,Not available in aggregate report,Yes,4,Canonical sitemap URL,No correction required,HTTP 200; self canonical; 4 internal source page(s),Not submitted individually,Monitor normal crawling and indexing
https://emitronix.ae/blog/warehouse-design-and-build-dubai-cost-factors,English,Article,Index,,200,"index, follow",https://emitronix.ae/blog/warehouse-design-and-build-dubai-cost-factors,Not available in aggregate report,Yes,4,Canonical sitemap URL,No correction required,HTTP 200; self canonical; 4 internal source page(s),Not submitted individually,Monitor normal crawling and indexing
https://emitronix.ae/blog/warehouse-design-and-build-dubai-planning-guide,English,Article,Index,,200,"index, follow",https://emitronix.ae/blog/warehouse-design-and-build-dubai-planning-guide,Not available in aggregate report,Yes,7,Canonical sitemap URL,No correction required,HTTP 200; self canonical; 7 internal source page(s),Not submitted individually,Monitor normal crawling and indexing
https://emitronix.ae/blog/warehouse-design-and-build-dubai-timeline-process,English,Article,Index,,200,"index, follow",https://emitronix.ae/blog/warehouse-design-and-build-dubai-timeline-process,Not available in aggregate report,Yes,4,Canonical sitemap URL,No correction required,HTTP 200; self canonical; 4 internal source page(s),Not submitted individually,Monitor normal crawling and indexing
https://emitronix.ae/blog/warehouse-design-guide-uae,English,Article,Exclude: retired URL,Not found (404),308,No noindex detected,,Not available in aggregate report,No,0,A former templated article was withdrawn because it did not meet the current editorial differentiation standard.,Added a permanent redirect to the closest current canonical resource.,HTTP 308 -> https://emitronix.ae/warehouse/warehouse-design-build,Not submitted individually,"Verify production redirect, then allow Google to recrawl."
https://emitronix.ae/blog/warehouse-dewa-approvals-approval-checklist,English,Article,Index,,200,"index, follow",https://emitronix.ae/blog/warehouse-dewa-approvals-approval-checklist,Not available in aggregate report,Yes,4,Canonical sitemap URL,No correction required,HTTP 200; self canonical; 4 internal source page(s),Not submitted individually,Monitor normal crawling and indexing
https://emitronix.ae/blog/warehouse-dewa-approvals-contractor-selection,English,Article,Index,,200,"index, follow",https://emitronix.ae/blog/warehouse-dewa-approvals-contractor-selection,Not available in aggregate report,Yes,4,Canonical sitemap URL,No correction required,HTTP 200; self canonical; 4 internal source page(s),Not submitted individually,Monitor normal crawling and indexing
https://emitronix.ae/blog/warehouse-dewa-approvals-cost-factors,English,Article,Index,,200,"index, follow",https://emitronix.ae/blog/warehouse-dewa-approvals-cost-factors,Not available in aggregate report,Yes,4,Canonical sitemap URL,No correction required,HTTP 200; self canonical; 4 internal source page(s),Not submitted individually,Monitor normal crawling and indexing
https://emitronix.ae/blog/warehouse-dewa-approvals-planning-guide,English,Article,Index,,200,"index, follow",https://emitronix.ae/blog/warehouse-dewa-approvals-planning-guide,Not available in aggregate report,Yes,8,Canonical sitemap URL,No correction required,HTTP 200; self canonical; 8 internal source page(s),Not submitted individually,Monitor normal crawling and indexing
https://emitronix.ae/blog/warehouse-dewa-approvals-timeline-process,English,Article,Index,,200,"index, follow",https://emitronix.ae/blog/warehouse-dewa-approvals-timeline-process,Not available in aggregate report,Yes,4,Canonical sitemap URL,No correction required,HTTP 200; self canonical; 4 internal source page(s),Not submitted individually,Monitor normal crawling and indexing
https://emitronix.ae/blog/warehouse-dubai-municipality-approvals-approval-checklist,English,Article,Index,,200,"index, follow",https://emitronix.ae/blog/warehouse-dubai-municipality-approvals-approval-checklist,Not available in aggregate report,Yes,4,Canonical sitemap URL,No correction required,HTTP 200; self canonical; 4 internal source page(s),Not submitted individually,Monitor normal crawling and indexing
https://emitronix.ae/blog/warehouse-dubai-municipality-approvals-contractor-selection,English,Article,Index,,200,"index, follow",https://emitronix.ae/blog/warehouse-dubai-municipality-approvals-contractor-selection,Not available in aggregate report,Yes,4,Canonical sitemap URL,No correction required,HTTP 200; self canonical; 4 internal source page(s),Not submitted individually,Monitor normal crawling and indexing
https://emitronix.ae/blog/warehouse-dubai-municipality-approvals-cost-factors,English,Article,Index,,200,"index, follow",https://emitronix.ae/blog/warehouse-dubai-municipality-approvals-cost-factors,Not available in aggregate report,Yes,4,Canonical sitemap URL,No correction required,HTTP 200; self canonical; 4 internal source page(s),Not submitted individually,Monitor normal crawling and indexing
https://emitronix.ae/blog/warehouse-dubai-municipality-approvals-planning-guide,English,Article,Index,Crawled - currently not indexed,200,"index, follow",https://emitronix.ae/blog/warehouse-dubai-municipality-approvals-planning-guide,Not available in aggregate report,Yes,7,Aggregate report is stale; live URL Inspection now reports the canonical content URL as indexed.,No code change required after direct inspection.,"URL Inspection reported indexed on 2026-09-07; crawl allowed, fetch successful, indexing allowed and Google-selected canonical matched.",Not submitted individually,Wait for aggregate report refresh.
https://emitronix.ae/blog/warehouse-dubai-municipality-approvals-timeline-process,English,Article,Index,,200,"index, follow",https://emitronix.ae/blog/warehouse-dubai-municipality-approvals-timeline-process,Not available in aggregate report,Yes,4,Canonical sitemap URL,No correction required,HTTP 200; self canonical; 4 internal source page(s),Not submitted individually,Monitor normal crawling and indexing
https://emitronix.ae/blog/warehouse-fire-fighting-dubai-approval-checklist,English,Article,Index,,200,"index, follow",https://emitronix.ae/blog/warehouse-fire-fighting-dubai-approval-checklist,Not available in aggregate report,Yes,4,Canonical sitemap URL,No correction required,HTTP 200; self canonical; 4 internal source page(s),Not submitted individually,Monitor normal crawling and indexing
https://emitronix.ae/blog/warehouse-fire-fighting-dubai-contractor-selection,English,Article,Index,,200,"index, follow",https://emitronix.ae/blog/warehouse-fire-fighting-dubai-contractor-selection,Not available in aggregate report,Yes,4,Canonical sitemap URL,No correction required,HTTP 200; self canonical; 4 internal source page(s),Not submitted individually,Monitor normal crawling and indexing
https://emitronix.ae/blog/warehouse-fire-fighting-dubai-cost-factors,English,Article,Index,,200,"index, follow",https://emitronix.ae/blog/warehouse-fire-fighting-dubai-cost-factors,Not available in aggregate report,Yes,4,Canonical sitemap URL,No correction required,HTTP 200; self canonical; 4 internal source page(s),Not submitted individually,Monitor normal crawling and indexing
https://emitronix.ae/blog/warehouse-fire-fighting-dubai-planning-guide,English,Article,Index,,200,"index, follow",https://emitronix.ae/blog/warehouse-fire-fighting-dubai-planning-guide,Not available in aggregate report,Yes,7,Canonical sitemap URL,No correction required,HTTP 200; self canonical; 7 internal source page(s),Not submitted individually,Monitor normal crawling and indexing
https://emitronix.ae/blog/warehouse-fire-fighting-dubai-timeline-process,English,Article,Index,,200,"index, follow",https://emitronix.ae/blog/warehouse-fire-fighting-dubai-timeline-process,Not available in aggregate report,Yes,4,Canonical sitemap URL,No correction required,HTTP 200; self canonical; 4 internal source page(s),Not submitted individually,Monitor normal crawling and indexing
https://emitronix.ae/blog/warehouse-fit-out-dubai-approval-checklist,English,Article,Index,,200,"index, follow",https://emitronix.ae/blog/warehouse-fit-out-dubai-approval-checklist,Not available in aggregate report,Yes,4,Canonical sitemap URL,No correction required,HTTP 200; self canonical; 4 internal source page(s),Not submitted individually,Monitor normal crawling and indexing
https://emitronix.ae/blog/warehouse-fit-out-dubai-contractor-selection,English,Article,Index,,200,"index, follow",https://emitronix.ae/blog/warehouse-fit-out-dubai-contractor-selection,Not available in aggregate report,Yes,4,Canonical sitemap URL,No correction required,HTTP 200; self canonical; 4 internal source page(s),Not submitted individually,Monitor normal crawling and indexing
https://emitronix.ae/blog/warehouse-fit-out-dubai-cost-factors,English,Article,Index,,200,"index, follow",https://emitronix.ae/blog/warehouse-fit-out-dubai-cost-factors,Not available in aggregate report,Yes,4,Canonical sitemap URL,No correction required,HTTP 200; self canonical; 4 internal source page(s),Not submitted individually,Monitor normal crawling and indexing
https://emitronix.ae/blog/warehouse-fit-out-dubai-planning-guide,English,Article,Index,,200,"index, follow",https://emitronix.ae/blog/warehouse-fit-out-dubai-planning-guide,Not available in aggregate report,Yes,7,Canonical sitemap URL,No correction required,HTTP 200; self canonical; 7 internal source page(s),Not submitted individually,Monitor normal crawling and indexing
https://emitronix.ae/blog/warehouse-fit-out-dubai-timeline-process,English,Article,Index,,200,"index, follow",https://emitronix.ae/blog/warehouse-fit-out-dubai-timeline-process,Not available in aggregate report,Yes,4,Canonical sitemap URL,No correction required,HTTP 200; self canonical; 4 internal source page(s),Not submitted individually,Monitor normal crawling and indexing
https://emitronix.ae/blog/warehouse-flooring-dubai-approval-checklist,English,Article,Index,,200,"index, follow",https://emitronix.ae/blog/warehouse-flooring-dubai-approval-checklist,Not available in aggregate report,Yes,4,Canonical sitemap URL,No correction required,HTTP 200; self canonical; 4 internal source page(s),Not submitted individually,Monitor normal crawling and indexing
https://emitronix.ae/blog/warehouse-flooring-dubai-contractor-selection,English,Article,Index,,200,"index, follow",https://emitronix.ae/blog/warehouse-flooring-dubai-contractor-selection,Not available in aggregate report,Yes,4,Canonical sitemap URL,No correction required,HTTP 200; self canonical; 4 internal source page(s),Not submitted individually,Monitor normal crawling and indexing
https://emitronix.ae/blog/warehouse-flooring-dubai-cost-factors,English,Article,Index,Discovered - currently not indexed,200,"index, follow",https://emitronix.ae/blog/warehouse-flooring-dubai-cost-factors,Not available in aggregate report,Yes,4,"Canonical URL is in the sitemap and linked from its hub, but Google had not crawled it when the report was generated.",No blanket submission or artificial freshness; prioritize differentiation and crawl demand at cluster level.,HTTP 200; self canonical; 4 internal source page(s),Not submitted individually,Recheck after sitemap processing; consolidate overlapping warehouse pages only after business approval.
https://emitronix.ae/blog/warehouse-flooring-dubai-planning-guide,English,Article,Index,,200,"index, follow",https://emitronix.ae/blog/warehouse-flooring-dubai-planning-guide,Not available in aggregate report,Yes,7,Canonical sitemap URL,No correction required,HTTP 200; self canonical; 7 internal source page(s),Not submitted individually,Monitor normal crawling and indexing
https://emitronix.ae/blog/warehouse-flooring-dubai-timeline-process,English,Article,Index,,200,"index, follow",https://emitronix.ae/blog/warehouse-flooring-dubai-timeline-process,Not available in aggregate report,Yes,4,Canonical sitemap URL,No correction required,HTTP 200; self canonical; 4 internal source page(s),Not submitted individually,Monitor normal crawling and indexing
https://emitronix.ae/blog/warehouse-mep-coordination-dubai-approval-checklist,English,Article,Index,,200,"index, follow",https://emitronix.ae/blog/warehouse-mep-coordination-dubai-approval-checklist,Not available in aggregate report,Yes,4,Canonical sitemap URL,No correction required,HTTP 200; self canonical; 4 internal source page(s),Not submitted individually,Monitor normal crawling and indexing
https://emitronix.ae/blog/warehouse-mep-coordination-dubai-contractor-selection,English,Article,Index,,200,"index, follow",https://emitronix.ae/blog/warehouse-mep-coordination-dubai-contractor-selection,Not available in aggregate report,Yes,4,Canonical sitemap URL,No correction required,HTTP 200; self canonical; 4 internal source page(s),Not submitted individually,Monitor normal crawling and indexing
https://emitronix.ae/blog/warehouse-mep-coordination-dubai-cost-factors,English,Article,Index,,200,"index, follow",https://emitronix.ae/blog/warehouse-mep-coordination-dubai-cost-factors,Not available in aggregate report,Yes,4,Canonical sitemap URL,No correction required,HTTP 200; self canonical; 4 internal source page(s),Not submitted individually,Monitor normal crawling and indexing
https://emitronix.ae/blog/warehouse-mep-coordination-dubai-planning-guide,English,Article,Index,,200,"index, follow",https://emitronix.ae/blog/warehouse-mep-coordination-dubai-planning-guide,Not available in aggregate report,Yes,7,Canonical sitemap URL,No correction required,HTTP 200; self canonical; 7 internal source page(s),Not submitted individually,Monitor normal crawling and indexing
https://emitronix.ae/blog/warehouse-mep-coordination-dubai-timeline-process,English,Article,Index,,200,"index, follow",https://emitronix.ae/blog/warehouse-mep-coordination-dubai-timeline-process,Not available in aggregate report,Yes,4,Canonical sitemap URL,No correction required,HTTP 200; self canonical; 4 internal source page(s),Not submitted individually,Monitor normal crawling and indexing
https://emitronix.ae/blog/warehouse-project-management-dubai-approval-checklist,English,Article,Index,,200,"index, follow",https://emitronix.ae/blog/warehouse-project-management-dubai-approval-checklist,Not available in aggregate report,Yes,4,Canonical sitemap URL,No correction required,HTTP 200; self canonical; 4 internal source page(s),Not submitted individually,Monitor normal crawling and indexing
https://emitronix.ae/blog/warehouse-project-management-dubai-contractor-selection,English,Article,Index,,200,"index, follow",https://emitronix.ae/blog/warehouse-project-management-dubai-contractor-selection,Not available in aggregate report,Yes,3,Canonical sitemap URL,No correction required,HTTP 200; self canonical; 3 internal source page(s),Not submitted individually,Monitor normal crawling and indexing
https://emitronix.ae/blog/warehouse-project-management-dubai-cost-factors,English,Article,Index,,200,"index, follow",https://emitronix.ae/blog/warehouse-project-management-dubai-cost-factors,Not available in aggregate report,Yes,4,Canonical sitemap URL,No correction required,HTTP 200; self canonical; 4 internal source page(s),Not submitted individually,Monitor normal crawling and indexing
https://emitronix.ae/blog/warehouse-project-management-dubai-planning-guide,English,Article,Index,,200,"index, follow",https://emitronix.ae/blog/warehouse-project-management-dubai-planning-guide,Not available in aggregate report,Yes,7,Canonical sitemap URL,No correction required,HTTP 200; self canonical; 7 internal source page(s),Not submitted individually,Monitor normal crawling and indexing
https://emitronix.ae/blog/warehouse-project-management-dubai-timeline-process,English,Article,Index,,200,"index, follow",https://emitronix.ae/blog/warehouse-project-management-dubai-timeline-process,Not available in aggregate report,Yes,4,Canonical sitemap URL,No correction required,HTTP 200; self canonical; 4 internal source page(s),Not submitted individually,Monitor normal crawling and indexing
https://emitronix.ae/blog/warehouse-renovation-dubai-approval-checklist,English,Article,Index,,200,"index, follow",https://emitronix.ae/blog/warehouse-renovation-dubai-approval-checklist,Not available in aggregate report,Yes,4,Canonical sitemap URL,No correction required,HTTP 200; self canonical; 4 internal source page(s),Not submitted individually,Monitor normal crawling and indexing
https://emitronix.ae/blog/warehouse-renovation-dubai-contractor-selection,English,Article,Index,,200,"index, follow",https://emitronix.ae/blog/warehouse-renovation-dubai-contractor-selection,Not available in aggregate report,Yes,4,Canonical sitemap URL,No correction required,HTTP 200; self canonical; 4 internal source page(s),Not submitted individually,Monitor normal crawling and indexing
https://emitronix.ae/blog/warehouse-renovation-dubai-cost-factors,English,Article,Index,,200,"index, follow",https://emitronix.ae/blog/warehouse-renovation-dubai-cost-factors,Not available in aggregate report,Yes,4,Canonical sitemap URL,No correction required,HTTP 200; self canonical; 4 internal source page(s),Not submitted individually,Monitor normal crawling and indexing
https://emitronix.ae/blog/warehouse-renovation-dubai-planning-guide,English,Article,Index,,200,"index, follow",https://emitronix.ae/blog/warehouse-renovation-dubai-planning-guide,Not available in aggregate report,Yes,7,Canonical sitemap URL,No correction required,HTTP 200; self canonical; 7 internal source page(s),Not submitted individually,Monitor normal crawling and indexing
https://emitronix.ae/blog/warehouse-renovation-dubai-timeline-process,English,Article,Index,,200,"index, follow",https://emitronix.ae/blog/warehouse-renovation-dubai-timeline-process,Not available in aggregate report,Yes,4,Canonical sitemap URL,No correction required,HTTP 200; self canonical; 4 internal source page(s),Not submitted individually,Monitor normal crawling and indexing
https://emitronix.ae/building-renovation,English,Service,Index,,200,"index, follow",https://emitronix.ae/building-renovation,Not available in aggregate report,Yes,207,Canonical sitemap URL,No correction required,HTTP 200; self canonical; 207 internal source page(s),Not submitted individually,Monitor normal crawling and indexing
https://emitronix.ae/careers,English,Site page,Index,,200,"index, follow",https://emitronix.ae/careers,Not available in aggregate report,Yes,207,Canonical sitemap URL,No correction required,HTTP 200; self canonical; 207 internal source page(s),Not submitted individually,Monitor normal crawling and indexing
https://emitronix.ae/cdn-cgi/l/email-protection,English,Site page,Exclude: CDN utility URL,Not found (404),308,No noindex detected,,Not available in aggregate report,No,0,"Cloudflare Email Address Obfuscation rewrote a mail link to its decoding endpoint, which Google crawled as a URL.",Added a permanent fallback redirect to the contact page.,HTTP 308 -> https://emitronix.ae/contact,Not submitted individually,Verify the edge passes the direct URL to the application redirect.
https://emitronix.ae/civil,English,Service,Index,,200,"index, follow",https://emitronix.ae/civil,Not available in aggregate report,Yes,207,Canonical sitemap URL,No correction required,HTTP 200; self canonical; 207 internal source page(s),Not submitted individually,Monitor normal crawling and indexing
https://emitronix.ae/commercial-buildings,English,Service,Index,,200,"index, follow",https://emitronix.ae/commercial-buildings,Not available in aggregate report,Yes,207,Canonical sitemap URL,No correction required,HTTP 200; self canonical; 207 internal source page(s),Not submitted individually,Monitor normal crawling and indexing
https://emitronix.ae/company-information,English,Site page,Index,,200,"index, follow",https://emitronix.ae/company-information,Not available in aggregate report,Yes,206,Canonical sitemap URL,No correction required,HTTP 200; self canonical; 206 internal source page(s),Not submitted individually,Monitor normal crawling and indexing
https://emitronix.ae/concordia-dmcc-approvals,English,Authority approval,Index,,200,"index, follow",https://emitronix.ae/concordia-dmcc-approvals,Not available in aggregate report,Yes,207,Canonical sitemap URL,No correction required,HTTP 200; self canonical; 207 internal source page(s),Not submitted individually,Monitor normal crawling and indexing
https://emitronix.ae/contact,English,Site page,Index,,200,"index, follow",https://emitronix.ae/contact,Not available in aggregate report,Yes,208,Canonical sitemap URL,No correction required,HTTP 200; self canonical; 208 internal source page(s),Not submitted individually,Monitor normal crawling and indexing
https://emitronix.ae/contact?intent=site-visit,English,Site page,Exclude: alternate URL,Alternate page with proper canonical tag,200,"index, follow",https://emitronix.ae/contact,Not available in aggregate report,No,78,Query-state URL or historical service alias consolidates to a canonical page.,Preserve useful query behavior and canonical consolidation; aliases permanently redirect.,HTTP 200; canonical https://emitronix.ae/contact; 78 internal source page(s),Not submitted individually,Expected exclusion; monitor only.
https://emitronix.ae/contact?service=dewa-approval,English,Site page,Exclude: alternate URL,Alternate page with proper canonical tag,200,"index, follow",https://emitronix.ae/contact,Not available in aggregate report,No,1,Query-state URL or historical service alias consolidates to a canonical page.,Preserve useful query behavior and canonical consolidation; aliases permanently redirect.,HTTP 200; canonical https://emitronix.ae/contact; 1 internal source page(s),Not submitted individually,Expected exclusion; monitor only.
https://emitronix.ae/cookie-policy,English,Site page,Index,,200,"index, follow",https://emitronix.ae/cookie-policy,Not available in aggregate report,Yes,207,Canonical sitemap URL,No correction required,HTTP 200; self canonical; 207 internal source page(s),Not submitted individually,Monitor normal crawling and indexing
https://emitronix.ae/corrections-policy,English,Site page,Index,,200,"index, follow",https://emitronix.ae/corrections-policy,Not available in aggregate report,Yes,242,Canonical sitemap URL,No correction required,HTTP 200; self canonical; 242 internal source page(s),Not submitted individually,Monitor normal crawling and indexing
https://emitronix.ae/dcd-approvals,English,Authority approval,Index,,200,"index, follow",https://emitronix.ae/dcd-approvals,Not available in aggregate report,Yes,207,Canonical sitemap URL,No correction required,HTTP 200; self canonical; 207 internal source page(s),Not submitted individually,Monitor normal crawling and indexing
https://emitronix.ae/dda-approvals,English,Authority approval,Index,,200,"index, follow",https://emitronix.ae/dda-approvals,Not available in aggregate report,Yes,207,Canonical sitemap URL,No correction required,HTTP 200; self canonical; 207 internal source page(s),Not submitted individually,Monitor normal crawling and indexing
https://emitronix.ae/design-build,English,Service,Index,,200,"index, follow",https://emitronix.ae/design-build,Not available in aggregate report,Yes,207,Canonical sitemap URL,No correction required,HTTP 200; self canonical; 207 internal source page(s),Not submitted individually,Monitor normal crawling and indexing
https://emitronix.ae/dewa-approvals,English,Authority approval,Index,,200,"index, follow",https://emitronix.ae/dewa-approvals,Not available in aggregate report,Yes,207,Canonical sitemap URL,No correction required,HTTP 200; self canonical; 207 internal source page(s),Not submitted individually,Monitor normal crawling and indexing
https://emitronix.ae/difc-approvals,English,Authority approval,Index,,200,"index, follow",https://emitronix.ae/difc-approvals,Not available in aggregate report,Yes,207,Canonical sitemap URL,No correction required,HTTP 200; self canonical; 207 internal source page(s),Not submitted individually,Monitor normal crawling and indexing
https://emitronix.ae/disclaimer,English,Site page,Index,,200,"index, follow",https://emitronix.ae/disclaimer,Not available in aggregate report,Yes,242,Canonical sitemap URL,No correction required,HTTP 200; self canonical; 242 internal source page(s),Not submitted individually,Monitor normal crawling and indexing
https://emitronix.ae/dubai-municipality-approval,English,Authority approval,Index,,200,"index, follow",https://emitronix.ae/dubai-municipality-approval,Not available in aggregate report,Yes,207,Canonical sitemap URL,No correction required,HTTP 200; self canonical; 207 internal source page(s),Not submitted individually,Monitor normal crawling and indexing
https://emitronix.ae/editorial-policy,English,Site page,Index,,200,"index, follow",https://emitronix.ae/editorial-policy,Not available in aggregate report,Yes,242,Canonical sitemap URL,No correction required,HTTP 200; self canonical; 242 internal source page(s),Not submitted individually,Monitor normal crawling and indexing
https://emitronix.ae/faqs,English,Site page,Index,,200,"index, follow",https://emitronix.ae/faqs,Not available in aggregate report,Yes,206,Canonical sitemap URL,No correction required,HTTP 200; self canonical; 206 internal source page(s),Not submitted individually,Monitor normal crawling and indexing
https://emitronix.ae/founder,English,Site page,Index,,200,"index, follow",https://emitronix.ae/founder,Not available in aggregate report,Yes,206,Canonical sitemap URL,No correction required,HTTP 200; self canonical; 206 internal source page(s),Not submitted individually,Monitor normal crawling and indexing
https://emitronix.ae/guest-post,English,Utility,Exclude: utility page,Excluded by noindex tag,200,"meta robots: noindex, follow",https://emitronix.ae/guest-post,Not available in aggregate report,No,0,Utility route is intentionally available to users but not intended as a search landing page.,No change; retain noindex.,HTTP 200; self canonical; 0 internal source page(s),Not submitted individually,Expected exclusion.
https://emitronix.ae/html-sitemap,English,Site page,Index,,200,"index, follow",https://emitronix.ae/html-sitemap,Not available in aggregate report,Yes,207,Canonical sitemap URL,No correction required,HTTP 200; self canonical; 207 internal source page(s),Not submitted individually,Monitor normal crawling and indexing
https://emitronix.ae/industrial-buildings,English,Service,Index,,200,"index, follow",https://emitronix.ae/industrial-buildings,Not available in aggregate report,Yes,207,Canonical sitemap URL,No correction required,HTTP 200; self canonical; 207 internal source page(s),Not submitted individually,Monitor normal crawling and indexing
https://emitronix.ae/industries,English,Site page,Index,,200,"index, follow",https://emitronix.ae/industries,Not available in aggregate report,Yes,207,Canonical sitemap URL,No correction required,HTTP 200; self canonical; 207 internal source page(s),Not submitted individually,Monitor normal crawling and indexing
https://emitronix.ae/interior,English,Service,Index,,200,"index, follow",https://emitronix.ae/interior,Not available in aggregate report,Yes,207,Canonical sitemap URL,No correction required,HTTP 200; self canonical; 207 internal source page(s),Not submitted individually,Monitor normal crawling and indexing
https://emitronix.ae/leadership,English,Site page,Index,,200,"index, follow",https://emitronix.ae/leadership,Not available in aggregate report,Yes,206,Canonical sitemap URL,No correction required,HTTP 200; self canonical; 206 internal source page(s),Not submitted individually,Monitor normal crawling and indexing
https://emitronix.ae/locations,English,Site page,Index,,200,"index, follow",https://emitronix.ae/locations,Not available in aggregate report,Yes,3,Canonical sitemap URL,No correction required,HTTP 200; self canonical; 3 internal source page(s),Not submitted individually,Monitor normal crawling and indexing
https://emitronix.ae/locations/dubai,English,Site page,Index,,200,"index, follow",https://emitronix.ae/locations/dubai,Not available in aggregate report,Yes,206,Canonical sitemap URL,No correction required,HTTP 200; self canonical; 206 internal source page(s),Not submitted individually,Monitor normal crawling and indexing
https://emitronix.ae/main-contracting,English,Service,Index,,200,"index, follow",https://emitronix.ae/main-contracting,Not available in aggregate report,Yes,207,Canonical sitemap URL,No correction required,HTTP 200; self canonical; 207 internal source page(s),Not submitted individually,Monitor normal crawling and indexing
https://emitronix.ae/manifest.webmanifest,English,Resource,Exclude: non-HTML resource,Crawled - currently not indexed,200,No noindex detected,,Not available in aggregate report,No,0,"Manifest and font files are supporting resources, not standalone search documents.",No change; these resources must remain crawlable for rendering.,HTTP 200; no HTML canonical; 0 internal source page(s),Not submitted individually,Expected non-page status.
https://emitronix.ae/privacy-policy,English,Site page,Index,,200,"index, follow",https://emitronix.ae/privacy-policy,Not available in aggregate report,Yes,207,Canonical sitemap URL,No correction required,HTTP 200; self canonical; 207 internal source page(s),Not submitted individually,Monitor normal crawling and indexing
https://emitronix.ae/project-management,English,Service,Index,,200,"index, follow",https://emitronix.ae/project-management,Not available in aggregate report,Yes,207,Canonical sitemap URL,No correction required,HTTP 200; self canonical; 207 internal source page(s),Not submitted individually,Monitor normal crawling and indexing
https://emitronix.ae/projects,English,Site page,Index,,200,"index, follow",https://emitronix.ae/projects,Not available in aggregate report,Yes,207,Canonical sitemap URL,No correction required,HTTP 200; self canonical; 207 internal source page(s),Not submitted individually,Monitor normal crawling and indexing
https://emitronix.ae/resources,English,Site page,Index,,200,"index, follow",https://emitronix.ae/resources,Not available in aggregate report,Yes,207,Canonical sitemap URL,No correction required,HTTP 200; self canonical; 207 internal source page(s),Not submitted individually,Monitor normal crawling and indexing
https://emitronix.ae/rta-approval,English,Authority approval,Index,,200,"index, follow",https://emitronix.ae/rta-approval,Not available in aggregate report,Yes,207,Canonical sitemap URL,No correction required,HTTP 200; self canonical; 207 internal source page(s),Not submitted individually,Monitor normal crawling and indexing
https://emitronix.ae/search,English,Utility,Exclude: utility page,Excluded by noindex tag,200,"meta robots: noindex, follow",https://emitronix.ae/search,Not available in aggregate report,No,245,Utility route is intentionally available to users but not intended as a search landing page.,No change; retain noindex.,HTTP 200; self canonical; 245 internal source page(s),Not submitted individually,Expected exclusion.
https://emitronix.ae/search?q={search_term_string},English,Utility,Exclude: internal search result,Blocked by robots.txt,200,robots.txt blocks /search?q=; page metadata is noindex,https://emitronix.ae/search,Not available in aggregate report,No,0,WebSite SearchAction advertised an internal search URL that is intentionally blocked and noindexed.,Removed the obsolete SearchAction from WebSite JSON-LD; retained crawl-trap protection.,HTTP 200; canonical https://emitronix.ae/search; 0 internal source page(s),Not submitted individually,Allow the aggregate report to age out; do not request validation because blocking is intentional.
https://emitronix.ae/services,English,Site page,Index,,200,"index, follow",https://emitronix.ae/services,Not available in aggregate report,Yes,207,Canonical sitemap URL,No correction required,HTTP 200; self canonical; 207 internal source page(s),Not submitted individually,Monitor normal crawling and indexing
https://emitronix.ae/services/building-renovation,English,Site page,Exclude: canonical redirect,Page with redirect,308,No noindex detected,,Not available in aggregate report,No,0,Legacy alias or normalized locale URL points to the preferred canonical route.,Keep one permanent redirect; sitemap and internal links use the destination.,HTTP 308 -> https://emitronix.ae/building-renovation,Not submitted individually,Expected exclusion; monitor only.
https://emitronix.ae/services/civil,English,Site page,Exclude: canonical redirect,Page with redirect,308,No noindex detected,,Not available in aggregate report,No,0,Legacy alias or normalized locale URL points to the preferred canonical route.,Keep one permanent redirect; sitemap and internal links use the destination.,HTTP 308 -> https://emitronix.ae/civil,Not submitted individually,Expected exclusion; monitor only.
https://emitronix.ae/services/civil-contracting,English,Site page,Exclude: canonical redirect,Page with redirect,308,No noindex detected,,Not available in aggregate report,No,0,Legacy alias or normalized locale URL points to the preferred canonical route.,Keep one permanent redirect; sitemap and internal links use the destination.,HTTP 308 -> https://emitronix.ae/civil,Not submitted individually,Expected exclusion; monitor only.
https://emitronix.ae/services/commercial-buildings,English,Site page,Exclude: canonical redirect,Page with redirect,308,No noindex detected,,Not available in aggregate report,No,0,Legacy alias or normalized locale URL points to the preferred canonical route.,Keep one permanent redirect; sitemap and internal links use the destination.,HTTP 308 -> https://emitronix.ae/commercial-buildings,Not submitted individually,Expected exclusion; monitor only.
https://emitronix.ae/services/design-build,English,Site page,Exclude: canonical redirect,Page with redirect,308,No noindex detected,,Not available in aggregate report,No,0,Legacy alias or normalized locale URL points to the preferred canonical route.,Keep one permanent redirect; sitemap and internal links use the destination.,HTTP 308 -> https://emitronix.ae/design-build,Not submitted individually,Expected exclusion; monitor only.
https://emitronix.ae/services/industrial-buildings,English,Site page,Exclude: canonical redirect,Page with redirect,308,No noindex detected,,Not available in aggregate report,No,0,Legacy alias or normalized locale URL points to the preferred canonical route.,Keep one permanent redirect; sitemap and internal links use the destination.,HTTP 308 -> https://emitronix.ae/industrial-buildings,Not submitted individually,Expected exclusion; monitor only.
https://emitronix.ae/services/interior,English,Site page,Exclude: canonical redirect,Page with redirect,308,No noindex detected,,Not available in aggregate report,No,0,Legacy alias or normalized locale URL points to the preferred canonical route.,Keep one permanent redirect; sitemap and internal links use the destination.,HTTP 308 -> https://emitronix.ae/interior,Not submitted individually,Expected exclusion; monitor only.
https://emitronix.ae/services/interior-fit-out,English,Site page,Exclude: canonical redirect,Page with redirect,308,No noindex detected,,Not available in aggregate report,No,0,Legacy alias or normalized locale URL points to the preferred canonical route.,Keep one permanent redirect; sitemap and internal links use the destination.,HTTP 308 -> https://emitronix.ae/interior,Not submitted individually,Expected exclusion; monitor only.
https://emitronix.ae/services/main-contracting,English,Site page,Exclude: canonical redirect,Page with redirect,308,No noindex detected,,Not available in aggregate report,No,0,Legacy alias or normalized locale URL points to the preferred canonical route.,Keep one permanent redirect; sitemap and internal links use the destination.,HTTP 308 -> https://emitronix.ae/main-contracting,Not submitted individually,Expected exclusion; monitor only.
https://emitronix.ae/services/project-management,English,Site page,Exclude: canonical redirect,Page with redirect,308,No noindex detected,,Not available in aggregate report,No,0,Legacy alias or normalized locale URL points to the preferred canonical route.,Keep one permanent redirect; sitemap and internal links use the destination.,HTTP 308 -> https://emitronix.ae/project-management,Not submitted individually,Expected exclusion; monitor only.
https://emitronix.ae/services/structural-works,English,Site page,Exclude: alternate URL,Alternate page with proper canonical tag,308,No noindex detected,,Not available in aggregate report,No,0,Query-state URL or historical service alias consolidates to a canonical page.,Preserve useful query behavior and canonical consolidation; aliases permanently redirect.,HTTP 308 -> https://emitronix.ae/structural-works,Not submitted individually,Expected exclusion; monitor only.
https://emitronix.ae/services/turnkey-construction,English,Site page,Exclude: canonical redirect,Page with redirect,308,No noindex detected,,Not available in aggregate report,No,0,Legacy alias or normalized locale URL points to the preferred canonical route.,Keep one permanent redirect; sitemap and internal links use the destination.,HTTP 308 -> https://emitronix.ae/turnkey-construction,Not submitted individually,Expected exclusion; monitor only.
https://emitronix.ae/services/villa-construction,English,Site page,Exclude: canonical redirect,Page with redirect,308,No noindex detected,,Not available in aggregate report,No,0,Legacy alias or normalized locale URL points to the preferred canonical route.,Keep one permanent redirect; sitemap and internal links use the destination.,HTTP 308 -> https://emitronix.ae/villa-construction,Not submitted individually,Expected exclusion; monitor only.
https://emitronix.ae/services/warehouse-construction,English,Site page,Exclude: canonical redirect,Page with redirect,308,No noindex detected,,Not available in aggregate report,No,0,Legacy alias or normalized locale URL points to the preferred canonical route.,Keep one permanent redirect; sitemap and internal links use the destination.,HTTP 308 -> https://emitronix.ae/warehouse-construction,Not submitted individually,Expected exclusion; monitor only.
https://emitronix.ae/structural-works,English,Service,Index,,200,"index, follow",https://emitronix.ae/structural-works,Not available in aggregate report,Yes,207,Canonical sitemap URL,No correction required,HTTP 200; self canonical; 207 internal source page(s),Not submitted individually,Monitor normal crawling and indexing
https://emitronix.ae/technical-review-policy,English,Site page,Index,,200,"index, follow",https://emitronix.ae/technical-review-policy,Not available in aggregate report,Yes,242,Canonical sitemap URL,No correction required,HTTP 200; self canonical; 242 internal source page(s),Not submitted individually,Monitor normal crawling and indexing
https://emitronix.ae/terms-and-conditions,English,Site page,Index,,200,"index, follow",https://emitronix.ae/terms-and-conditions,Not available in aggregate report,Yes,207,Canonical sitemap URL,No correction required,HTTP 200; self canonical; 207 internal source page(s),Not submitted individually,Monitor normal crawling and indexing
https://emitronix.ae/trakhees-approvals,English,Authority approval,Index,,200,"index, follow",https://emitronix.ae/trakhees-approvals,Not available in aggregate report,Yes,207,Canonical sitemap URL,No correction required,HTTP 200; self canonical; 207 internal source page(s),Not submitted individually,Monitor normal crawling and indexing
https://emitronix.ae/turnkey-construction,English,Service,Index,,200,"index, follow",https://emitronix.ae/turnkey-construction,Not available in aggregate report,Yes,207,Canonical sitemap URL,No correction required,HTTP 200; self canonical; 207 internal source page(s),Not submitted individually,Monitor normal crawling and indexing
https://emitronix.ae/villa-construction,English,Service,Index,,200,"index, follow",https://emitronix.ae/villa-construction,Not available in aggregate report,Yes,207,Canonical sitemap URL,No correction required,HTTP 200; self canonical; 207 internal source page(s),Not submitted individually,Monitor normal crawling and indexing
https://emitronix.ae/warehouse-construction,English,Service,Index,,200,"index, follow",https://emitronix.ae/warehouse-construction,Not available in aggregate report,Yes,207,Canonical sitemap URL,No correction required,HTTP 200; self canonical; 207 internal source page(s),Not submitted individually,Monitor normal crawling and indexing
https://emitronix.ae/warehouse/cold-storage-warehouse,English,Warehouse resource,Index,,200,"index, follow",https://emitronix.ae/warehouse/cold-storage-warehouse,Not available in aggregate report,Yes,11,Canonical sitemap URL,No correction required,HTTP 200; self canonical; 11 internal source page(s),Not submitted individually,Monitor normal crawling and indexing
https://emitronix.ae/warehouse/distribution-centre-construction,English,Warehouse resource,Index,Discovered - currently not indexed,200,"index, follow",https://emitronix.ae/warehouse/distribution-centre-construction,Not available in aggregate report,Yes,6,"Canonical URL is in the sitemap and linked from its hub, but Google had not crawled it when the report was generated.",No blanket submission or artificial freshness; prioritize differentiation and crawl demand at cluster level.,HTTP 200; self canonical; 6 internal source page(s),Not submitted individually,Recheck after sitemap processing; consolidate overlapping warehouse pages only after business approval.
https://emitronix.ae/warehouse/factory-construction,English,Warehouse resource,Index,Discovered - currently not indexed,200,"index, follow",https://emitronix.ae/warehouse/factory-construction,Not available in aggregate report,Yes,11,"Canonical URL is in the sitemap and linked from its hub, but Google had not crawled it when the report was generated.",No blanket submission or artificial freshness; prioritize differentiation and crawl demand at cluster level.,HTTP 200; self canonical; 11 internal source page(s),Not submitted individually,Recheck after sitemap processing; consolidate overlapping warehouse pages only after business approval.
https://emitronix.ae/warehouse/industrial-building-construction,English,Warehouse resource,Index,,200,"index, follow",https://emitronix.ae/warehouse/industrial-building-construction,Not available in aggregate report,Yes,11,Canonical sitemap URL,No correction required,HTTP 200; self canonical; 11 internal source page(s),Not submitted individually,Monitor normal crawling and indexing
https://emitronix.ae/warehouse/industrial-warehouse-construction,English,Warehouse resource,Index,,200,"index, follow",https://emitronix.ae/warehouse/industrial-warehouse-construction,Not available in aggregate report,Yes,11,Canonical sitemap URL,No correction required,HTTP 200; self canonical; 11 internal source page(s),Not submitted individually,Monitor normal crawling and indexing
https://emitronix.ae/warehouse/logistics-warehouse,English,Warehouse resource,Index,,200,"index, follow",https://emitronix.ae/warehouse/logistics-warehouse,Not available in aggregate report,Yes,11,Canonical sitemap URL,No correction required,HTTP 200; self canonical; 11 internal source page(s),Not submitted individually,Monitor normal crawling and indexing
https://emitronix.ae/warehouse/steel-warehouse-construction,English,Warehouse resource,Index,,200,"index, follow",https://emitronix.ae/warehouse/steel-warehouse-construction,Not available in aggregate report,Yes,11,Canonical sitemap URL,No correction required,HTTP 200; self canonical; 11 internal source page(s),Not submitted individually,Monitor normal crawling and indexing
https://emitronix.ae/warehouse/warehouse-authority-approvals,English,Warehouse resource,Index,,200,"index, follow",https://emitronix.ae/warehouse/warehouse-authority-approvals,Not available in aggregate report,Yes,11,Canonical sitemap URL,No correction required,HTTP 200; self canonical; 11 internal source page(s),Not submitted individually,Monitor normal crawling and indexing
https://emitronix.ae/warehouse/warehouse-builder-uae,English,Warehouse resource,Index,,200,"index, follow",https://emitronix.ae/warehouse/warehouse-builder-uae,Not available in aggregate report,Yes,6,Canonical sitemap URL,No correction required,HTTP 200; self canonical; 6 internal source page(s),Not submitted individually,Monitor normal crawling and indexing
https://emitronix.ae/warehouse/warehouse-civil-contractor,English,Warehouse resource,Index,,200,"index, follow",https://emitronix.ae/warehouse/warehouse-civil-contractor,Not available in aggregate report,Yes,6,Canonical sitemap URL,No correction required,HTTP 200; self canonical; 6 internal source page(s),Not submitted individually,Monitor normal crawling and indexing
https://emitronix.ae/warehouse/warehouse-civil-works,English,Warehouse resource,Index,,200,"index, follow",https://emitronix.ae/warehouse/warehouse-civil-works,Not available in aggregate report,Yes,6,Canonical sitemap URL,No correction required,HTTP 200; self canonical; 6 internal source page(s),Not submitted individually,Monitor normal crawling and indexing
https://emitronix.ae/warehouse/warehouse-completion,English,Warehouse resource,Index,,200,"index, follow",https://emitronix.ae/warehouse/warehouse-completion,Not available in aggregate report,Yes,6,Canonical sitemap URL,No correction required,HTTP 200; self canonical; 6 internal source page(s),Not submitted individually,Monitor normal crawling and indexing
https://emitronix.ae/warehouse/warehouse-compliance-uae,English,Warehouse resource,Index,,200,"index, follow",https://emitronix.ae/warehouse/warehouse-compliance-uae,Not available in aggregate report,Yes,6,Canonical sitemap URL,No correction required,HTTP 200; self canonical; 6 internal source page(s),Not submitted individually,Monitor normal crawling and indexing
https://emitronix.ae/warehouse/warehouse-concrete-works,English,Warehouse resource,Index,Discovered - currently not indexed,200,"index, follow",https://emitronix.ae/warehouse/warehouse-concrete-works,Not available in aggregate report,Yes,6,"Canonical URL is in the sitemap and linked from its hub, but Google had not crawled it when the report was generated.",No blanket submission or artificial freshness; prioritize differentiation and crawl demand at cluster level.,HTTP 200; self canonical; 6 internal source page(s),Not submitted individually,Recheck after sitemap processing; consolidate overlapping warehouse pages only after business approval.
https://emitronix.ae/warehouse/warehouse-construction-dubai,English,Warehouse resource,Index,Discovered - currently not indexed,200,"index, follow",https://emitronix.ae/warehouse/warehouse-construction-dubai,Not available in aggregate report,Yes,9,"Canonical URL is in the sitemap and linked from its hub, but Google had not crawled it when the report was generated.",No blanket submission or artificial freshness; prioritize differentiation and crawl demand at cluster level.,HTTP 200; self canonical; 9 internal source page(s),Not submitted individually,Recheck after sitemap processing; consolidate overlapping warehouse pages only after business approval.
https://emitronix.ae/warehouse/warehouse-construction-timeline,English,Warehouse resource,Index,Crawled - currently not indexed,200,"index, follow",https://emitronix.ae/warehouse/warehouse-construction-timeline,Not available in aggregate report,Yes,6,Aggregate report is stale; live URL Inspection now reports the canonical content URL as indexed.,No code change required after direct inspection.,"URL Inspection reported indexed on 2026-09-07; crawl allowed, fetch successful, indexing allowed and Google-selected canonical matched.",Not submitted individually,Wait for aggregate report refresh.
https://emitronix.ae/warehouse/warehouse-consultant,English,Warehouse resource,Index,,200,"index, follow",https://emitronix.ae/warehouse/warehouse-consultant,Not available in aggregate report,Yes,6,Canonical sitemap URL,No correction required,HTTP 200; self canonical; 6 internal source page(s),Not submitted individually,Monitor normal crawling and indexing
https://emitronix.ae/warehouse/warehouse-contractor-checklist,English,Warehouse resource,Index,,200,"index, follow",https://emitronix.ae/warehouse/warehouse-contractor-checklist,Not available in aggregate report,Yes,6,Canonical sitemap URL,No correction required,HTTP 200; self canonical; 6 internal source page(s),Not submitted individually,Monitor normal crawling and indexing
https://emitronix.ae/warehouse/warehouse-contractors-dubai,English,Warehouse resource,Index,,200,"index, follow",https://emitronix.ae/warehouse/warehouse-contractors-dubai,Not available in aggregate report,Yes,10,Canonical sitemap URL,No correction required,HTTP 200; self canonical; 10 internal source page(s),Not submitted individually,Monitor normal crawling and indexing
https://emitronix.ae/warehouse/warehouse-cost-guide,English,Warehouse resource,Index,,200,"index, follow",https://emitronix.ae/warehouse/warehouse-cost-guide,Not available in aggregate report,Yes,11,Canonical sitemap URL,No correction required,HTTP 200; self canonical; 11 internal source page(s),Not submitted individually,Monitor normal crawling and indexing
https://emitronix.ae/warehouse/warehouse-dcd-approvals,English,Warehouse resource,Index,,200,"index, follow",https://emitronix.ae/warehouse/warehouse-dcd-approvals,Not available in aggregate report,Yes,11,Canonical sitemap URL,No correction required,HTTP 200; self canonical; 11 internal source page(s),Not submitted individually,Monitor normal crawling and indexing
https://emitronix.ae/warehouse/warehouse-design-build,English,Warehouse resource,Index,Discovered - currently not indexed,200,"index, follow",https://emitronix.ae/warehouse/warehouse-design-build,Not available in aggregate report,Yes,11,"Canonical URL is in the sitemap and linked from its hub, but Google had not crawled it when the report was generated.",No blanket submission or artificial freshness; prioritize differentiation and crawl demand at cluster level.,HTTP 200; self canonical; 11 internal source page(s),Not submitted individually,Recheck after sitemap processing; consolidate overlapping warehouse pages only after business approval.
https://emitronix.ae/warehouse/warehouse-design-standards-uae,English,Warehouse resource,Index,,200,"index, follow",https://emitronix.ae/warehouse/warehouse-design-standards-uae,Not available in aggregate report,Yes,6,Canonical sitemap URL,No correction required,HTTP 200; self canonical; 6 internal source page(s),Not submitted individually,Monitor normal crawling and indexing
https://emitronix.ae/warehouse/warehouse-dewa-approvals,English,Warehouse resource,Index,Crawled - currently not indexed,200,"index, follow",https://emitronix.ae/warehouse/warehouse-dewa-approvals,Not available in aggregate report,Yes,12,Aggregate report is stale; live URL Inspection now reports the canonical content URL as indexed.,No code change required after direct inspection.,"URL Inspection reported indexed on 2026-09-07; crawl allowed, fetch successful, indexing allowed and Google-selected canonical matched.",Not submitted individually,Wait for aggregate report refresh.
https://emitronix.ae/warehouse/warehouse-dm-approvals,English,Warehouse resource,Index,,200,"index, follow",https://emitronix.ae/warehouse/warehouse-dm-approvals,Not available in aggregate report,Yes,11,Canonical sitemap URL,No correction required,HTTP 200; self canonical; 11 internal source page(s),Not submitted individually,Monitor normal crawling and indexing
https://emitronix.ae/warehouse/warehouse-engineering,English,Warehouse resource,Index,,200,"index, follow",https://emitronix.ae/warehouse/warehouse-engineering,Not available in aggregate report,Yes,6,Canonical sitemap URL,No correction required,HTTP 200; self canonical; 6 internal source page(s),Not submitted individually,Monitor normal crawling and indexing
https://emitronix.ae/warehouse/warehouse-epc-contractor,English,Warehouse resource,Index,,200,"index, follow",https://emitronix.ae/warehouse/warehouse-epc-contractor,Not available in aggregate report,Yes,6,Canonical sitemap URL,No correction required,HTTP 200; self canonical; 6 internal source page(s),Not submitted individually,Monitor normal crawling and indexing
https://emitronix.ae/warehouse/warehouse-expansion,English,Warehouse resource,Index,,200,"index, follow",https://emitronix.ae/warehouse/warehouse-expansion,Not available in aggregate report,Yes,6,Canonical sitemap URL,No correction required,HTTP 200; self canonical; 6 internal source page(s),Not submitted individually,Monitor normal crawling and indexing
https://emitronix.ae/warehouse/warehouse-extension,English,Warehouse resource,Index,,200,"index, follow",https://emitronix.ae/warehouse/warehouse-extension,Not available in aggregate report,Yes,6,Canonical sitemap URL,No correction required,HTTP 200; self canonical; 6 internal source page(s),Not submitted individually,Monitor normal crawling and indexing
https://emitronix.ae/warehouse/warehouse-fire-alarm,English,Warehouse resource,Index,,200,"index, follow",https://emitronix.ae/warehouse/warehouse-fire-alarm,Not available in aggregate report,Yes,6,Canonical sitemap URL,No correction required,HTTP 200; self canonical; 6 internal source page(s),Not submitted individually,Monitor normal crawling and indexing
https://emitronix.ae/warehouse/warehouse-fire-fighting,English,Warehouse resource,Index,Discovered - currently not indexed,200,"index, follow",https://emitronix.ae/warehouse/warehouse-fire-fighting,Not available in aggregate report,Yes,11,"Canonical URL is in the sitemap and linked from its hub, but Google had not crawled it when the report was generated.",No blanket submission or artificial freshness; prioritize differentiation and crawl demand at cluster level.,HTTP 200; self canonical; 11 internal source page(s),Not submitted individually,Recheck after sitemap processing; consolidate overlapping warehouse pages only after business approval.
https://emitronix.ae/warehouse/warehouse-fit-out,English,Warehouse resource,Index,Discovered - currently not indexed,200,"index, follow",https://emitronix.ae/warehouse/warehouse-fit-out,Not available in aggregate report,Yes,11,"Canonical URL is in the sitemap and linked from its hub, but Google had not crawled it when the report was generated.",No blanket submission or artificial freshness; prioritize differentiation and crawl demand at cluster level.,HTTP 200; self canonical; 11 internal source page(s),Not submitted individually,Recheck after sitemap processing; consolidate overlapping warehouse pages only after business approval.
https://emitronix.ae/warehouse/warehouse-flooring,English,Warehouse resource,Index,Discovered - currently not indexed,200,"index, follow",https://emitronix.ae/warehouse/warehouse-flooring,Not available in aggregate report,Yes,11,"Canonical URL is in the sitemap and linked from its hub, but Google had not crawled it when the report was generated.",No blanket submission or artificial freshness; prioritize differentiation and crawl demand at cluster level.,HTTP 200; self canonical; 11 internal source page(s),Not submitted individually,Recheck after sitemap processing; consolidate overlapping warehouse pages only after business approval.
https://emitronix.ae/warehouse/warehouse-foundations,English,Warehouse resource,Index,Discovered - currently not indexed,200,"index, follow",https://emitronix.ae/warehouse/warehouse-foundations,Not available in aggregate report,Yes,6,"Canonical URL is in the sitemap and linked from its hub, but Google had not crawled it when the report was generated.",No blanket submission or artificial freshness; prioritize differentiation and crawl demand at cluster level.,HTTP 200; self canonical; 6 internal source page(s),Not submitted individually,Recheck after sitemap processing; consolidate overlapping warehouse pages only after business approval.
https://emitronix.ae/warehouse/warehouse-infrastructure,English,Warehouse resource,Index,Discovered - currently not indexed,200,"index, follow",https://emitronix.ae/warehouse/warehouse-infrastructure,Not available in aggregate report,Yes,6,"Canonical URL is in the sitemap and linked from its hub, but Google had not crawled it when the report was generated.",No blanket submission or artificial freshness; prioritize differentiation and crawl demand at cluster level.,HTTP 200; self canonical; 6 internal source page(s),Not submitted individually,Recheck after sitemap processing; consolidate overlapping warehouse pages only after business approval.
https://emitronix.ae/warehouse/warehouse-landscaping,English,Warehouse resource,Index,,200,"index, follow",https://emitronix.ae/warehouse/warehouse-landscaping,Not available in aggregate report,Yes,4,Canonical sitemap URL,No correction required,HTTP 200; self canonical; 4 internal source page(s),Not submitted individually,Monitor normal crawling and indexing
https://emitronix.ae/warehouse/warehouse-loading-dock-construction,English,Warehouse resource,Index,Discovered - currently not indexed,200,"index, follow",https://emitronix.ae/warehouse/warehouse-loading-dock-construction,Not available in aggregate report,Yes,6,"Canonical URL is in the sitemap and linked from its hub, but Google had not crawled it when the report was generated.",No blanket submission or artificial freshness; prioritize differentiation and crawl demand at cluster level.,HTTP 200; self canonical; 6 internal source page(s),Not submitted individually,Recheck after sitemap processing; consolidate overlapping warehouse pages only after business approval.
https://emitronix.ae/warehouse/warehouse-maintenance,English,Warehouse resource,Index,Discovered - currently not indexed,200,"index, follow",https://emitronix.ae/warehouse/warehouse-maintenance,Not available in aggregate report,Yes,6,"Canonical URL is in the sitemap and linked from its hub, but Google had not crawled it when the report was generated.",No blanket submission or artificial freshness; prioritize differentiation and crawl demand at cluster level.,HTTP 200; self canonical; 6 internal source page(s),Not submitted individually,Recheck after sitemap processing; consolidate overlapping warehouse pages only after business approval.
https://emitronix.ae/warehouse/warehouse-mep,English,Warehouse resource,Index,,200,"index, follow",https://emitronix.ae/warehouse/warehouse-mep,Not available in aggregate report,Yes,11,Canonical sitemap URL,No correction required,HTTP 200; self canonical; 11 internal source page(s),Not submitted individually,Monitor normal crawling and indexing
https://emitronix.ae/warehouse/warehouse-office-construction,English,Warehouse resource,Index,,200,"index, follow",https://emitronix.ae/warehouse/warehouse-office-construction,Not available in aggregate report,Yes,6,Canonical sitemap URL,No correction required,HTTP 200; self canonical; 6 internal source page(s),Not submitted individually,Monitor normal crawling and indexing
https://emitronix.ae/warehouse/warehouse-parking-construction,English,Warehouse resource,Index,,200,"index, follow",https://emitronix.ae/warehouse/warehouse-parking-construction,Not available in aggregate report,Yes,6,Canonical sitemap URL,No correction required,HTTP 200; self canonical; 6 internal source page(s),Not submitted individually,Monitor normal crawling and indexing
https://emitronix.ae/warehouse/warehouse-planning,English,Warehouse resource,Index,Crawled - currently not indexed,200,"index, follow",https://emitronix.ae/warehouse/warehouse-planning,Not available in aggregate report,Yes,6,Aggregate report is stale; live URL Inspection now reports the canonical content URL as indexed.,No code change required after direct inspection.,"URL Inspection reported indexed on 2026-09-07; crawl allowed, fetch successful, indexing allowed and Google-selected canonical matched.",Not submitted individually,Wait for aggregate report refresh.
https://emitronix.ae/warehouse/warehouse-project-management,English,Warehouse resource,Index,,200,"index, follow",https://emitronix.ae/warehouse/warehouse-project-management,Not available in aggregate report,Yes,11,Canonical sitemap URL,No correction required,HTTP 200; self canonical; 11 internal source page(s),Not submitted individually,Monitor normal crawling and indexing
https://emitronix.ae/warehouse/warehouse-renovation,English,Warehouse resource,Index,,200,"index, follow",https://emitronix.ae/warehouse/warehouse-renovation,Not available in aggregate report,Yes,11,Canonical sitemap URL,No correction required,HTTP 200; self canonical; 11 internal source page(s),Not submitted individually,Monitor normal crawling and indexing
https://emitronix.ae/warehouse/warehouse-road-works,English,Warehouse resource,Index,,200,"index, follow",https://emitronix.ae/warehouse/warehouse-road-works,Not available in aggregate report,Yes,5,Canonical sitemap URL,No correction required,HTTP 200; self canonical; 5 internal source page(s),Not submitted individually,Monitor normal crawling and indexing
https://emitronix.ae/warehouse/warehouse-roofing,English,Warehouse resource,Index,,200,"index, follow",https://emitronix.ae/warehouse/warehouse-roofing,Not available in aggregate report,Yes,6,Canonical sitemap URL,No correction required,HTTP 200; self canonical; 6 internal source page(s),Not submitted individually,Monitor normal crawling and indexing
https://emitronix.ae/warehouse/warehouse-safety-standards,English,Warehouse resource,Index,Crawled - currently not indexed,200,"index, follow",https://emitronix.ae/warehouse/warehouse-safety-standards,Not available in aggregate report,Yes,6,Aggregate report is stale; live URL Inspection now reports the canonical content URL as indexed.,No code change required after direct inspection.,"URL Inspection reported indexed on 2026-09-07; crawl allowed, fetch successful, indexing allowed and Google-selected canonical matched.",Not submitted individually,Wait for aggregate report refresh.
https://emitronix.ae/warehouse/warehouse-structural-steel,English,Warehouse resource,Index,Crawled - currently not indexed,200,"index, follow",https://emitronix.ae/warehouse/warehouse-structural-steel,Not available in aggregate report,Yes,6,Aggregate report is stale; live URL Inspection now reports the canonical content URL as indexed.,No code change required after direct inspection.,"URL Inspection reported indexed on 2026-09-07; crawl allowed, fetch successful, indexing allowed and Google-selected canonical matched.",Not submitted individually,Wait for aggregate report refresh.
https://emitronix.ae/warehouse/warehouse-turnkey-contractor,English,Warehouse resource,Index,Discovered - currently not indexed,200,"index, follow",https://emitronix.ae/warehouse/warehouse-turnkey-contractor,Not available in aggregate report,Yes,6,"Canonical URL is in the sitemap and linked from its hub, but Google had not crawled it when the report was generated.",No blanket submission or artificial freshness; prioritize differentiation and crawl demand at cluster level.,HTTP 200; self canonical; 6 internal source page(s),Not submitted individually,Recheck after sitemap processing; consolidate overlapping warehouse pages only after business approval.
https://emitronix.ae/warehouse/warehouse-utility-services,English,Warehouse resource,Index,,200,"index, follow",https://emitronix.ae/warehouse/warehouse-utility-services,Not available in aggregate report,Yes,6,Canonical sitemap URL,No correction required,HTTP 200; self canonical; 6 internal source page(s),Not submitted individually,Monitor normal crawling and indexing
